"Priority","Identifier","File","Line","Evidence trail","Background information","Source hash","Scanner","Source component"
"2","DP_CREATE_CLASSLOADER_INSIDE_DO_PRIVILEGED","com/ibm/tdi/eclipse/Activator.java","287","com.ibm.tdi.eclipse.Activator.loadResources(BundleContext) creates a com.ibm.di.loader.IDILoader classloader, which should be performed within a doPrivileged block","http://findbugs.sourceforge.net/bugDescriptions.html#DP_CREATE_CLASSLOADER_INSIDE_DO_PRIVILEGED","-1987640802","findbugs",
"2","IS2_INCONSISTENT_SYNC","com/ibm/di/connector/DominoChangeDetectionConnector.java","659","Inconsistent synchronization of com.ibm.di.connector.DominoChangeDetectionConnector.mNotesThread; locked 40% of time","http://findbugs.sourceforge.net/bugDescriptions.html#IS2_INCONSISTENT_SYNC","-370089649","findbugs",
"2","IS2_INCONSISTENT_SYNC","com/ibm/di/queue/MemBufferQ.java","388","Inconsistent synchronization of com.ibm.di.queue.MemBufferQ.chunk; locked 73% of time","http://findbugs.sourceforge.net/bugDescriptions.html#IS2_INCONSISTENT_SYNC","770205402","findbugs",
"2","NP_NULL_ON_SOME_PATH","com/ibm/di/connector/tam/Policy.java","685","Possible null pointer dereference of Policy.mAcctExpDateEnforced in com.ibm.di.connector.tam.Policy.update(String, boolean)","http://findbugs.sourceforge.net/bugDescriptions.html#NP_NULL_ON_SOME_PATH","-1803352468","findbugs",
"2","NP_NULL_ON_SOME_PATH","com/ibm/di/connector/tam/Policy.java","685","Possible null pointer dereference of Policy.mAcctExpDateUnlimited in com.ibm.di.connector.tam.Policy.update(String, boolean)","http://findbugs.sourceforge.net/bugDescriptions.html#NP_NULL_ON_SOME_PATH","-1803352468","findbugs",
"2","ODR_OPEN_DATABASE_RESOURCE","com/ibm/di/amc/util/AMUtils.java","1004","com.ibm.di.amc.util.AMUtils.getLocalAMVariableName(int) may fail to close java.sql.PreparedStatement","http://findbugs.sourceforge.net/bugDescriptions.html#ODR_OPEN_DATABASE_RESOURCE","-942659099","findbugs",
"2","ODR_OPEN_DATABASE_RESOURCE","com/ibm/di/amc/util/AMUtils.java","1014","com.ibm.di.amc.util.AMUtils.getLocalAMVariableName(int) may fail to close PreparedStatement","http://findbugs.sourceforge.net/bugDescriptions.html#ODR_OPEN_DATABASE_RESOURCE","733488663","findbugs",
"2","RU_INVOKE_RUN","com/ibm/di/server/RS.java","646","com.ibm.di.server.RS.main(String[]) explicitly invokes run on a thread (did you mean to start it instead?)","http://findbugs.sourceforge.net/bugDescriptions.html#RU_INVOKE_RUN","-1073474379","findbugs",
"3","DE_MIGHT_IGNORE","com/ibm/di/store/DeltaSysTable.java","163","com.ibm.di.store.DeltaSysTable.delete(String) might ignore java.lang.Exception","http://findbugs.sourceforge.net/bugDescriptions.html#DE_MIGHT_IGNORE","232907041","findbugs",
"3","DE_MIGHT_IGNORE","com/ibm/di/store/SandboxStore.java","138","com.ibm.di.store.SandboxStore.setTCB(TaskCallBlock) might ignore java.lang.Exception","http://findbugs.sourceforge.net/bugDescriptions.html#DE_MIGHT_IGNORE","232907041","findbugs",
"3","EI_EXPOSE_REP2","com/ibm/di/amc/configadm/ALOperationInputParamBean.java","112","com.ibm.di.amc.configadm.ALOperationInputParamBean.setInitAttrTableSelection(int[]) may expose internal representation by storing an externally mutable object into ALOperationInputParamBean.m_iInitAttrTableSelection","http://findbugs.sourceforge.net/bugDescriptions.html#EI_EXPOSE_REP2","-1521339245","findbugs",
"3","EI_EXPOSE_REP2","com/ibm/di/amc/configadm/ALOperationInputParamBean.java","216","com.ibm.di.amc.configadm.ALOperationInputParamBean.setOperationAttributeTableSelection(int[]) may expose internal representation by storing an externally mutable object into ALOperationInputParamBean.m_iOperationAttributeTableSelection","http://findbugs.sourceforge.net/bugDescriptions.html#EI_EXPOSE_REP2","1070766247","findbugs",
"3","EI_EXPOSE_REP2","com/ibm/di/amc/configadm/AddGroupACLBean.java","116","com.ibm.di.amc.configadm.AddGroupACLBean.setRoleSelection(String[]) may expose internal representation by storing an externally mutable object into AddGroupACLBean.m_sRoleSelection","http://findbugs.sourceforge.net/bugDescriptions.html#EI_EXPOSE_REP2","-1438372014","findbugs",
"3","EI_EXPOSE_REP2","com/ibm/di/amc/configadm/AddUserACLBean.java","114","com.ibm.di.amc.configadm.AddUserACLBean.setRoleSelection(String[]) may expose internal representation by storing an externally mutable object into AddUserACLBean.m_sRoleSelection","http://findbugs.sourceforge.net/bugDescriptions.html#EI_EXPOSE_REP2","-1438372014","findbugs",
"3","EI_EXPOSE_REP2","com/ibm/di/amc/configadm/ConfigViewReportBean.java","229","com.ibm.di.amc.configadm.ConfigViewReportBean.setAssemblyLinesListSortCriteria(ColumnSortDescriptor[]) may expose internal representation by storing an externally mutable object into ConfigViewReportBean.m_csdAssemblyLinesList","http://findbugs.sourceforge.net/bugDescriptions.html#EI_EXPOSE_REP2","701702894","findbugs",
"3","EI_EXPOSE_REP2","com/ibm/di/amc/configadm/ConfigViewReportBean.java","291","com.ibm.di.amc.configadm.ConfigViewReportBean.setAssemblyLinesListFilterCriteria(ColumnFilterDescriptor[]) may expose internal representation by storing an externally mutable object into ConfigViewReportBean.m_cfdAssemblyLinesList","http://findbugs.sourceforge.net/bugDescriptions.html#EI_EXPOSE_REP2","436271009","findbugs",
"3","EI_EXPOSE_REP2","com/ibm/di/amc/configadm/ConfigViewReportBean.java","332","com.ibm.di.amc.configadm.ConfigViewReportBean.setAssemblyLinesListSelection(int[]) may expose internal representation by storing an externally mutable object into ConfigViewReportBean.m_iAssemblyLinesListSelection","http://findbugs.sourceforge.net/bugDescriptions.html#EI_EXPOSE_REP2","-2055000183","findbugs",
"3","EI_EXPOSE_REP2","com/ibm/di/amc/configadm/ConnectorInfoBean.java","133","com.ibm.di.amc.configadm.ConnectorInfoBean.setConnectorListTableFilterCriteria(ColumnFilterDescriptor[]) may expose internal representation by storing an externally mutable object into ConnectorInfoBean.m_cfdConnectorListTable","http://findbugs.sourceforge.net/bugDescriptions.html#EI_EXPOSE_REP2","-557325973","findbugs",
"3","EI_EXPOSE_REP2","com/ibm/di/amc/configadm/ConnectorInfoBean.java","164","com.ibm.di.amc.configadm.ConnectorInfoBean.setConnectorListTableSelection(int[]) may expose internal representation by storing an externally mutable object into ConnectorInfoBean.m_iConnectorListTableSelection","http://findbugs.sourceforge.net/bugDescriptions.html#EI_EXPOSE_REP2","-1097646353","findbugs",
"3","EI_EXPOSE_REP2","com/ibm/di/amc/configadm/ConnectorInfoBean.java","87","com.ibm.di.amc.configadm.ConnectorInfoBean.setConnectorListTableSortCriteria(ColumnSortDescriptor[]) may expose internal representation by storing an externally mutable object into ConnectorInfoBean.m_csdConnectorListTable","http://findbugs.sourceforge.net/bugDescriptions.html#EI_EXPOSE_REP2","-918872130","findbugs",
"3","EI_EXPOSE_REP2","com/ibm/di/amc/configadm/CreateConfigViewBean.java","1076","com.ibm.di.amc.configadm.CreateConfigViewBean.setHealthALNoneSelection(String[]) may expose internal representation by storing an externally mutable object into CreateConfigViewBean.m_sHealthALNoneSelection","http://findbugs.sourceforge.net/bugDescriptions.html#EI_EXPOSE_REP2","-1513451255","findbugs",
"3","EI_EXPOSE_REP2","com/ibm/di/amc/configadm/CreateConfigViewBean.java","1101","com.ibm.di.amc.configadm.CreateConfigViewBean.setQuickCreateGroupSelection(String[]) may expose internal representation by storing an externally mutable object into CreateConfigViewBean.m_sQuickCreateGroupSelection","http://findbugs.sourceforge.net/bugDescriptions.html#EI_EXPOSE_REP2","995041938","findbugs",
"3","EI_EXPOSE_REP2","com/ibm/di/amc/configadm/CreateConfigViewBean.java","1207","com.ibm.di.amc.configadm.CreateConfigViewBean.setSimpleAdvancedOptionSelection(String[]) may expose internal representation by storing an externally mutable object into CreateConfigViewBean.m_sSimpleAdvancedOptionSelection","http://findbugs.sourceforge.net/bugDescriptions.html#EI_EXPOSE_REP2","89960991","findbugs",
"3","EI_EXPOSE_REP2","com/ibm/di/amc/configadm/CreateConfigViewBean.java","1232","com.ibm.di.amc.configadm.CreateConfigViewBean.setautoUpdateSelection(String[]) may expose internal representation by storing an externally mutable object into CreateConfigViewBean.m_sautoUpdateSelection","http://findbugs.sourceforge.net/bugDescriptions.html#EI_EXPOSE_REP2","-123743600","findbugs",
"3","EI_EXPOSE_REP2","com/ibm/di/amc/configadm/CreateConfigViewBean.java","380","com.ibm.di.amc.configadm.CreateConfigViewBean.setPropertyListSortCriteria(ColumnSortDescriptor[]) may expose internal representation by storing an externally mutable object into CreateConfigViewBean.m_csdPropertyList","http://findbugs.sourceforge.net/bugDescriptions.html#EI_EXPOSE_REP2","-803860146","findbugs",
"3","EI_EXPOSE_REP2","com/ibm/di/amc/configadm/CreateConfigViewBean.java","438","com.ibm.di.amc.configadm.CreateConfigViewBean.setPropertyListFilterCriteria(ColumnFilterDescriptor[]) may expose internal representation by storing an externally mutable object into CreateConfigViewBean.m_cfdPropertyList","http://findbugs.sourceforge.net/bugDescriptions.html#EI_EXPOSE_REP2","-1207117637","findbugs",
"3","EI_EXPOSE_REP2","com/ibm/di/amc/configadm/CreateConfigViewBean.java","481","com.ibm.di.amc.configadm.CreateConfigViewBean.setPropertyListSelection(int[]) may expose internal representation by storing an externally mutable object into CreateConfigViewBean.m_iPropertyListSelection","http://findbugs.sourceforge.net/bugDescriptions.html#EI_EXPOSE_REP2","1650817951","findbugs",
"3","EI_EXPOSE_REP2","com/ibm/di/amc/configadm/CreateConfigViewBean.java","636","com.ibm.di.amc.configadm.CreateConfigViewBean.setAssemblyLineTableSortCriteria(ColumnSortDescriptor[]) may expose internal representation by storing an externally mutable object into CreateConfigViewBean.m_csdAssemblyLineTable","http://findbugs.sourceforge.net/bugDescriptions.html#EI_EXPOSE_REP2","1249552235","findbugs",
"3","EI_EXPOSE_REP2","com/ibm/di/amc/configadm/CreateConfigViewBean.java","696","com.ibm.di.amc.configadm.CreateConfigViewBean.setAssemblyLineTableFilterCriteria(ColumnFilterDescriptor[]) may expose internal representation by storing an externally mutable object into CreateConfigViewBean.m_cfdAssemblyLineTable","http://findbugs.sourceforge.net/bugDescriptions.html#EI_EXPOSE_REP2","984120350","findbugs",
"3","EI_EXPOSE_REP2","com/ibm/di/amc/configadm/CreateConfigViewBean.java","736","com.ibm.di.amc.configadm.CreateConfigViewBean.setAssemblyLineTableSelection(int[]) may expose internal representation by storing an externally mutable object into CreateConfigViewBean.m_iAssemblyLineTableSelection","http://findbugs.sourceforge.net/bugDescriptions.html#EI_EXPOSE_REP2","1458333612","findbugs",
"3","EI_EXPOSE_REP2","com/ibm/di/amc/configadm/CreateConfigViewBean.java","866","com.ibm.di.amc.configadm.CreateConfigViewBean.setSelectHealthALTableSortCriteria(ColumnSortDescriptor[]) may expose internal representation by storing an externally mutable object into CreateConfigViewBean.m_csdSelectHealthALTable","http://findbugs.sourceforge.net/bugDescriptions.html#EI_EXPOSE_REP2","671958370","findbugs",
"3","EI_EXPOSE_REP2","com/ibm/di/amc/configadm/CreateConfigViewBean.java","926","com.ibm.di.amc.configadm.CreateConfigViewBean.setSelectHealthALTableFilterCriteria(ColumnFilterDescriptor[]) may expose internal representation by storing an externally mutable object into CreateConfigViewBean.m_cfdSelectHealthALTable","http://findbugs.sourceforge.net/bugDescriptions.html#EI_EXPOSE_REP2","-1005012651","findbugs",
"3","EI_EXPOSE_REP2","com/ibm/di/amc/configadm/CreateConfigViewBean.java","966","com.ibm.di.amc.configadm.CreateConfigViewBean.setSelectHealthALTableSelection(int[]) may expose internal representation by storing an externally mutable object into CreateConfigViewBean.m_iSelectHealthALTableSelection","http://findbugs.sourceforge.net/bugDescriptions.html#EI_EXPOSE_REP2","216716885","findbugs",
"3","EI_EXPOSE_REP2","com/ibm/di/amc/configadm/EditConfigViewBean.java","191","com.ibm.di.amc.configadm.EditConfigViewBean.setAssemblyLinesSortCriteria(ColumnSortDescriptor[]) may expose internal representation by storing an externally mutable object into EditConfigViewBean.m_csdAssemblyLines","http://findbugs.sourceforge.net/bugDescriptions.html#EI_EXPOSE_REP2","2128879280","findbugs",
"3","EI_EXPOSE_REP2","com/ibm/di/amc/configadm/EditConfigViewBean.java","249","com.ibm.di.amc.configadm.EditConfigViewBean.setAssemblyLinesFilterCriteria(ColumnFilterDescriptor[]) may expose internal representation by storing an externally mutable object into EditConfigViewBean.m_cfdAssemblyLines","http://findbugs.sourceforge.net/bugDescriptions.html#EI_EXPOSE_REP2","-1782168349","findbugs",
"3","EI_EXPOSE_REP2","com/ibm/di/amc/configadm/EditConfigViewBean.java","289","com.ibm.di.amc.configadm.EditConfigViewBean.setAssemblyLinesSelection(int[]) may expose internal representation by storing an externally mutable object into EditConfigViewBean.m_iAssemblyLinesSelection","http://findbugs.sourceforge.net/bugDescriptions.html#EI_EXPOSE_REP2","-1052266361","findbugs",
"3","EI_EXPOSE_REP2","com/ibm/di/amc/configadm/EditConfigViewBean.java","391","com.ibm.di.amc.configadm.EditConfigViewBean.setAvailableHealthALSortCriteria(ColumnSortDescriptor[]) may expose internal representation by storing an externally mutable object into EditConfigViewBean.m_csdAvailableHealthAL","http://findbugs.sourceforge.net/bugDescriptions.html#EI_EXPOSE_REP2","559558119","findbugs",
"3","EI_EXPOSE_REP2","com/ibm/di/amc/configadm/EditConfigViewBean.java","451","com.ibm.di.amc.configadm.EditConfigViewBean.setAvailableHealthALFilterCriteria(ColumnFilterDescriptor[]) may expose internal representation by storing an externally mutable object into EditConfigViewBean.m_cfdAvailableHealthAL","http://findbugs.sourceforge.net/bugDescriptions.html#EI_EXPOSE_REP2","294126234","findbugs",
"3","EI_EXPOSE_REP2","com/ibm/di/amc/configadm/EditConfigViewBean.java","491","com.ibm.di.amc.configadm.EditConfigViewBean.setAvailableHealthALSelection(int[]) may expose internal representation by storing an externally mutable object into EditConfigViewBean.m_iAvailableHealthALSelection","http://findbugs.sourceforge.net/bugDescriptions.html#EI_EXPOSE_REP2","-1883870032","findbugs",
"3","EI_EXPOSE_REP2","com/ibm/di/amc/configadm/EditConfigViewBean.java","626","com.ibm.di.amc.configadm.EditConfigViewBean.setPropertyListTableSortCriteria(ColumnSortDescriptor[]) may expose internal representation by storing an externally mutable object into EditConfigViewBean.m_csdPropertyListTable","http://findbugs.sourceforge.net/bugDescriptions.html#EI_EXPOSE_REP2","1835912050","findbugs",
"3","EI_EXPOSE_REP2","com/ibm/di/amc/configadm/EditConfigViewBean.java","686","com.ibm.di.amc.configadm.EditConfigViewBean.setPropertyListTableFilterCriteria(ColumnFilterDescriptor[]) may expose internal representation by storing an externally mutable object into EditConfigViewBean.m_cfdPropertyListTable","http://findbugs.sourceforge.net/bugDescriptions.html#EI_EXPOSE_REP2","1570480165","findbugs",
"3","EI_EXPOSE_REP2","com/ibm/di/amc/configadm/EditConfigViewBean.java","727","com.ibm.di.amc.configadm.EditConfigViewBean.setPropertyListTableSelection(int[]) may expose internal representation by storing an externally mutable object into EditConfigViewBean.m_iPropertyListTableSelection","http://findbugs.sourceforge.net/bugDescriptions.html#EI_EXPOSE_REP2","-683418747","findbugs",
"3","EI_EXPOSE_REP2","com/ibm/di/amc/configadm/EditConfigViewBean.java","821","com.ibm.di.amc.configadm.EditConfigViewBean.setNoHealthALSelection(String[]) may expose internal representation by storing an externally mutable object into EditConfigViewBean.m_sNoHealthALSelection","http://findbugs.sourceforge.net/bugDescriptions.html#EI_EXPOSE_REP2","-907160736","findbugs",
"3","EI_EXPOSE_REP2","com/ibm/di/amc/configadm/LoadReloadBean.java","279","com.ibm.di.amc.configadm.LoadReloadBean.setConfigTableSortCriteria(ColumnSortDescriptor[]) may expose internal representation by storing an externally mutable object into LoadReloadBean.m_csdConfigTable","http://findbugs.sourceforge.net/bugDescriptions.html#EI_EXPOSE_REP2","104174243","findbugs",
"3","EI_EXPOSE_REP2","com/ibm/di/amc/configadm/LoadReloadBean.java","337","com.ibm.di.amc.configadm.LoadReloadBean.setConfigTableFilterCriteria(ColumnFilterDescriptor[])may expose internal representation by storing an externally mutable object into LoadReloadBean.m_cfdConfigTable","http://findbugs.sourceforge.net/bugDescriptions.html#EI_EXPOSE_REP2","1338091926","findbugs",
"3","EI_EXPOSE_REP2","com/ibm/di/amc/configadm/LoadReloadBean.java","378","com.ibm.di.amc.configadm.LoadReloadBean.setConfigTableSelection(int[]) may expose internal representation by storing an externally mutable object into LoadReloadBean.m_iConfigTableSelection","http://findbugs.sourceforge.net/bugDescriptions.html#EI_EXPOSE_REP2","-149051596","findbugs",
"3","EI_EXPOSE_REP2","com/ibm/di/amc/configadm/LoadReloadBean.java","519","com.ibm.di.amc.configadm.LoadReloadBean.setpasswordSelection(String[]) may expose internal representation by storing an externally mutable object into LoadReloadBean.m_spassword","http://findbugs.sourceforge.net/bugDescriptions.html#EI_EXPOSE_REP2","505822585","findbugs",
"3","EI_EXPOSE_REP2","com/ibm/di/amc/configadm/LoadReloadBean.java","550","com.ibm.di.amc.configadm.LoadReloadBean.setpasswordList(ItemDescriptor[]) may expose internal representation by storing an externally mutable object into LoadReloadBean.m_idpassword","http://findbugs.sourceforge.net/bugDescriptions.html#EI_EXPOSE_REP2","-1677160682","findbugs",
"3","EI_EXPOSE_REP2","com/ibm/di/amc/configadm/LoadReloadPanel.java","138","com.ibm.di.amc.configadm.LoadReloadPanel.setApplicationParms(Hashtable) may expose internal representation by storing an externally mutable object into LoadReloadPanel.paramHashtable","http://findbugs.sourceforge.net/bugDescriptions.html#EI_EXPOSE_REP2","-135193838","findbugs",
"3","EI_EXPOSE_REP2","com/ibm/di/amc/configadm/LoadRunName.java","475","com.ibm.di.amc.configadm.LoadRunName.setPropertyStoreNewValueSelection(String[]) may expose internal representation by storing an externally mutable object into LoadRunName.m_sPropertyStoreNewValue","http://findbugs.sourceforge.net/bugDescriptions.html#EI_EXPOSE_REP2","1723515897","findbugs",
"3","EI_EXPOSE_REP2","com/ibm/di/amc/configadm/LoadRunName.java","506","com.ibm.di.amc.configadm.LoadRunName.setPropertyStoreNewValueList(ItemDescriptor[]) may expose internal representation by storing an externally mutable object into LoadRunName.m_idPropertyStoreNewValue","http://findbugs.sourceforge.net/bugDescriptions.html#EI_EXPOSE_REP2","2101097518","findbugs",
"3","EI_EXPOSE_REP2","com/ibm/di/amc/configadm/ManageConfigViewACLBean.java","103","com.ibm.di.amc.configadm.ManageConfigViewACLBean.setConfigViewACLTableSortCriteria(ColumnSortDescriptor[]) may expose internal representation by storing an externally mutable object into ManageConfigViewACLBean.m_csdConfigViewACLTable","http://findbugs.sourceforge.net/bugDescriptions.html#EI_EXPOSE_REP2","-1570742458","findbugs",
"3","EI_EXPOSE_REP2","com/ibm/di/amc/configadm/ManageConfigViewACLBean.java","163","com.ibm.di.amc.configadm.ManageConfigViewACLBean.setConfigViewACLTableFilterCriteria(ColumnFilterDescriptor[]) may expose internal representation by storing an externally mutable object into ManageConfigViewACLBean.m_cfdConfigViewACLTable","http://findbugs.sourceforge.net/bugDescriptions.html#EI_EXPOSE_REP2","-1209196301","findbugs",
"3","EI_EXPOSE_REP2","com/ibm/di/amc/configadm/ManageConfigViewACLBean.java","204","com.ibm.di.amc.configadm.ManageConfigViewACLBean.setConfigViewACLTableSelection(int[]) may expose internal representation by storing an externally mutable object into ManageConfigViewACLBean.m_iConfigViewACLTableSelection","http://findbugs.sourceforge.net/bugDescriptions.html#EI_EXPOSE_REP2","954792039","findbugs",
"3","EI_EXPOSE_REP2","com/ibm/di/amc/configadm/ManageConfigViewBean.java","181","com.ibm.di.amc.configadm.ManageConfigViewBean.setConfigViewsTableSortCriteria(ColumnSortDescriptor[]) may expose internal representation by storing an externally mutable object into ManageConfigViewBean.m_csdConfigViewsTable","http://findbugs.sourceforge.net/bugDescriptions.html#EI_EXPOSE_REP2","-1545073507","findbugs",
"3","EI_EXPOSE_REP2","com/ibm/di/amc/configadm/ManageConfigViewBean.java","241","com.ibm.di.amc.configadm.ManageConfigViewBean.setConfigViewsTableFilterCriteria(ColumnFilterDescriptor[]) may expose internal representation by storing an externally mutable object into ManageConfigViewBean.m_cfdConfigViewsTable","http://findbugs.sourceforge.net/bugDescriptions.html#EI_EXPOSE_REP2","-1692183158","findbugs",
"3","EI_EXPOSE_REP2","com/ibm/di/amc/configadm/ManageConfigViewBean.java","282","com.ibm.di.amc.configadm.ManageConfigViewBean.setConfigViewsTableSelection(int[]) may expose internal representation by storing an externally mutable object into ManageConfigViewBean.m_iConfigViewsTableSelection","http://findbugs.sourceforge.net/bugDescriptions.html#EI_EXPOSE_REP2","-87983184","findbugs",
"3","EI_EXPOSE_REP2","com/ibm/di/amc/configadm/ManageConfigViewsPanel.java","135","com.ibm.di.amc.configadm.ManageConfigViewsPanel.setApplicationParms(Hashtable) may expose internal representation by storing an externally mutable object into ManageConfigViewsPanel.paramHashtable","http://findbugs.sourceforge.net/bugDescriptions.html#EI_EXPOSE_REP2","-135193838","findbugs",
"3","EI_EXPOSE_REP2","com/ibm/di/amc/configadm/ManageLocalAMVarBean.java","122","com.ibm.di.amc.configadm.ManageLocalAMVarBean.setLocalAMTableSelection(int[]) may expose internal representation by storing an externally mutable object into ManageLocalAMVarBean.m_iLocalAMTableSelection","http://findbugs.sourceforge.net/bugDescriptions.html#EI_EXPOSE_REP2","-510465797","findbugs",
"3","EI_EXPOSE_REP2","com/ibm/di/amc/configadm/QuickCreateBean.java","350","com.ibm.di.amc.configadm.QuickCreateBean.setQuickCreateGroupSelection(String[]) may expose internal representation by storing an externally mutable object into QuickCreateBean.m_sQuickCreateGroupSelection","http://findbugs.sourceforge.net/bugDescriptions.html#EI_EXPOSE_REP2","995041938","findbugs",
"3","EI_EXPOSE_REP2","com/ibm/di/amc/configadm/QuickCreateBean.java","500","com.ibm.di.amc.configadm.QuickCreateBean.setSimpleAdvancedGroupSelection(String[]) may expose internal representation by storing an externally mutable object into QuickCreateBean.m_sSimpleAdvancedGroupSelection","http://findbugs.sourceforge.net/bugDescriptions.html#EI_EXPOSE_REP2","1570638431","findbugs",
"3","EI_EXPOSE_REP2","com/ibm/di/amc/consoleadm/AMStatusBean.java","236","com.ibm.di.amc.consoleadm.AMStatusBean.setAMThreadStatsSelection(int[]) may expose internal representation by storing an externally mutable object into AMStatusBean.m_iAMThreadStatsSelection","http://findbugs.sourceforge.net/bugDescriptions.html#EI_EXPOSE_REP2","-1901458889","findbugs",
"3","EI_EXPOSE_REP2","com/ibm/di/amc/consoleadm/AMStatusBean.java","431","com.ibm.di.amc.consoleadm.AMStatusBean.settriggerDetailsSelection(int[]) may expose internal representation by storing an externally mutable object into AMStatusBean.m_itriggerDetailsSelection","http://findbugs.sourceforge.net/bugDescriptions.html#EI_EXPOSE_REP2","1554347144","findbugs",
"3","EI_EXPOSE_REP2","com/ibm/di/amc/consoleadm/AddTDIServerBean.java","188","com.ibm.di.amc.consoleadm.AddTDIServerBean.setAuthenticationModeSelection(String[]) may expose internal representation by storing an externally mutable object into AddTDIServerBean.m_sAuthenticationModeSelection","http://findbugs.sourceforge.net/bugDescriptions.html#EI_EXPOSE_REP2","1919247981","findbugs",
"3","EI_EXPOSE_REP2","com/ibm/di/amc/consoleadm/EditTDIServerBean.java","243","com.ibm.di.amc.consoleadm.EditTDIServerBean.setAuthenticationModeSelection(String[]) may expose internal representation by storing an externally mutable object into EditTDIServerBean.m_sAuthenticationModeSelection","http://findbugs.sourceforge.net/bugDescriptions.html#EI_EXPOSE_REP2","1919247981","findbugs",
"3","EI_EXPOSE_REP2","com/ibm/di/amc/consoleadm/EditTDIServerPanel.java","175","com.ibm.di.amc.consoleadm.EditTDIServerPanel.setApplicationParms(Hashtable) may expose internal representation by storing an externally mutable object into EditTDIServerPanel.paramHashtable","http://findbugs.sourceforge.net/bugDescriptions.html#EI_EXPOSE_REP2","-135193838","findbugs",
"3","EI_EXPOSE_REP2","com/ibm/di/amc/consoleadm/ManageTDIServersPanel.java","138","com.ibm.di.amc.consoleadm.ManageTDIServersPanel.setApplicationParms(Hashtable) may expose internal representation by storing an externally mutable object into ManageTDIServersPanel.paramHashtable","http://findbugs.sourceforge.net/bugDescriptions.html#EI_EXPOSE_REP2","-135193838","findbugs",
"3","EI_EXPOSE_REP2","com/ibm/di/amc/consoleadm/ManageTDISrvBean.java","163","com.ibm.di.amc.consoleadm.ManageTDISrvBean.setTDIServersTableSortCriteria(ColumnSortDescriptor[]) may expose internal representation by storing an externally mutable object into ManageTDISrvBean.m_csdTDIServersTable","http://findbugs.sourceforge.net/bugDescriptions.html#EI_EXPOSE_REP2","1623283758","findbugs",
"3","EI_EXPOSE_REP2","com/ibm/di/amc/consoleadm/ManageTDISrvBean.java","222","com.ibm.di.amc.consoleadm.ManageTDISrvBean.setTDIServersTableFilterCriteria(ColumnFilterDescriptor[]) may expose internal representation by storing an externally mutable object into ManageTDISrvBean.m_cfdTDIServersTable","http://findbugs.sourceforge.net/bugDescriptions.html#EI_EXPOSE_REP2","1202896289","findbugs",
"3","EI_EXPOSE_REP2","com/ibm/di/amc/consoleadm/ManageTDISrvBean.java","263","com.ibm.di.amc.consoleadm.ManageTDISrvBean.setTDIServersTableSelection(int[]) may expose internal representation by storing an externally mutable object into ManageTDISrvBean.m_iTDIServersTableSelection","http://findbugs.sourceforge.net/bugDescriptions.html#EI_EXPOSE_REP2","-1390023799","findbugs",
"3","EI_EXPOSE_REP2","com/ibm/di/amc/consoleadm/WebAdminPropertiesPanel.java","148","com.ibm.di.amc.consoleadm.WebAdminPropertiesPanel.setApplicationParms(Hashtable) may expose internal representation by storing an externally mutable object into WebAdminPropertiesPanel.paramHashtable","http://findbugs.sourceforge.net/bugDescriptions.html#EI_EXPOSE_REP2","-135193838","findbugs",
"3","EI_EXPOSE_REP2","com/ibm/di/amc/log/LogFileCleanupBean.java","253","com.ibm.di.amc.log.LogFileCleanupBean.setComponentTypeSelection(String[]) may expose internal representation by storing an externally mutable object into LogFileCleanupBean.m_sComponentTypeSelection","http://findbugs.sourceforge.net/bugDescriptions.html#EI_EXPOSE_REP2","-45796429","findbugs",
"3","EI_EXPOSE_REP2","com/ibm/di/amc/log/LogFileCleanupBean.java","312","com.ibm.di.amc.log.LogFileCleanupBean.setDeleteCriteriaSelection(String[]) may expose internal representation by storing an externally mutable object into LogFileCleanupBean.m_sDeleteCriteriaSelection","http://findbugs.sourceforge.net/bugDescriptions.html#EI_EXPOSE_REP2","718376798","findbugs",
"3","EI_EXPOSE_REP2","com/ibm/di/amc/log/LogFileCleanupBean.java","384","com.ibm.di.amc.log.LogFileCleanupBean.setLogFileListingTableSelection(int[]) may expose internal representation by storing an externally mutable object into LogFileCleanupBean.m_iLogFileListingTableSelection","http://findbugs.sourceforge.net/bugDescriptions.html#EI_EXPOSE_REP2","-1075127818","findbugs",
"3","EI_EXPOSE_REP2","com/ibm/di/amc/log/LogFileCleanupPanel.java","168","com.ibm.di.amc.log.LogFileCleanupPanel.setApplicationParms(Hashtable) may expose internal representation by storing an externally mutable object into LogFileCleanupPanel.paramHashtable","http://findbugs.sourceforge.net/bugDescriptions.html#EI_EXPOSE_REP2","-135193838","findbugs",
"3","EI_EXPOSE_REP2","com/ibm/di/amc/log/ViewLogFileBean.java","101","com.ibm.di.amc.log.ViewLogFileBean.setLogFileSortCriteria(ColumnSortDescriptor[]) may expose internal representation by storing an externally mutable object into ViewLogFileBean.m_csdLogFile","http://findbugs.sourceforge.net/bugDescriptions.html#EI_EXPOSE_REP2","-1177772841","findbugs",
"3","EI_EXPOSE_REP2","com/ibm/di/amc/log/ViewLogFileBean.java","159","com.ibm.di.amc.log.ViewLogFileBean.setLogFileFilterCriteria(ColumnFilterDescriptor[]) may expose internal representation by storing an externally mutable object into ViewLogFileBean.m_cfdLogFile","http://findbugs.sourceforge.net/bugDescriptions.html#EI_EXPOSE_REP2","369632586","findbugs",
"3","EI_EXPOSE_REP2","com/ibm/di/amc/log/ViewLogFileBean.java","199","com.ibm.di.amc.log.ViewLogFileBean.setLogFileSelection(int[]) may expose internal representation by storing an externally mutable object into ViewLogFileBean.m_iLogFileSelection","http://findbugs.sourceforge.net/bugDescriptions.html#EI_EXPOSE_REP2","484186624","findbugs",
"3","EI_EXPOSE_REP2","com/ibm/di/amc/opstatus/ALOperationInputParametersBean.java","108","com.ibm.di.amc.opstatus.ALOperationInputParametersBean.setInitAttrTableSelection(int[]) may expose internal representation by storing an externally mutable object into ALOperationInputParametersBean.m_iInitAttrTableSelection","http://findbugs.sourceforge.net/bugDescriptions.html#EI_EXPOSE_REP2","-1521339245","findbugs",
"3","EI_EXPOSE_REP2","com/ibm/di/amc/opstatus/ALOperationInputParametersBean.java","210","com.ibm.di.amc.opstatus.ALOperationInputParametersBean.setOperationAttrTableSelection(int[]) may expose internal representation by storing an externally mutable object into ALOperationInputParametersBean.m_iOperationAttrTableSelection","http://findbugs.sourceforge.net/bugDescriptions.html#EI_EXPOSE_REP2","-1593111012","findbugs",
"3","EI_EXPOSE_REP2","com/ibm/di/amc/opstatus/AMConfigBean.java","210","com.ibm.di.amc.opstatus.AMConfigBean.setAMRuleTableSortCriteria(ColumnSortDescriptor[]) may expose internal representation by storing an externally mutable object into AMConfigBean.m_csdAMRuleTable","http://findbugs.sourceforge.net/bugDescriptions.html#EI_EXPOSE_REP2","-1515475587","findbugs",
"3","EI_EXPOSE_REP2","com/ibm/di/amc/opstatus/AMConfigBean.java","268","com.ibm.di.amc.opstatus.AMConfigBean.setAMRuleTableFilterCriteria(ColumnFilterDescriptor[]) may expose internal representation by storing an externally mutable object into AMConfigBean.m_cfdAMRuleTable","http://findbugs.sourceforge.net/bugDescriptions.html#EI_EXPOSE_REP2","-281557904","findbugs",
"3","EI_EXPOSE_REP2","com/ibm/di/amc/opstatus/AMConfigBean.java","309","com.ibm.di.amc.opstatus.AMConfigBean.setAMRuleTableSelection(int[]) may expose internal representation by storing an externally mutable object into AMConfigBean.m_iAMRuleTableSelection","http://findbugs.sourceforge.net/bugDescriptions.html#EI_EXPOSE_REP2","-663805542","findbugs",
"3","EI_EXPOSE_REP2","com/ibm/di/amc/opstatus/AMConfigPanelLauncher.java","139","com.ibm.di.amc.opstatus.AMConfigPanelLauncher.setApplicationParms(Hashtable) may expose internal representation by storing an externally mutable object into AMConfigPanelLauncher.paramHashtable","http://findbugs.sourceforge.net/bugDescriptions.html#EI_EXPOSE_REP2","-135193838","findbugs",
"3","EI_EXPOSE_REP2","com/ibm/di/amc/opstatus/AMRunDetailHolder.java","72","com.ibm.di.amc.opstatus.AMRunDetailHolder.setTime(Date) may expose internal representation by storing an externally mutable object into AMRunDetailHolder.m_time","http://findbugs.sourceforge.net/bugDescriptions.html#EI_EXPOSE_REP2","786974458","findbugs",
"3","EI_EXPOSE_REP2","com/ibm/di/amc/opstatus/AMStatusHolder.java","68","com.ibm.di.amc.opstatus.AMStatusHolder.setLastTriggeredTime(Date) may expose internal representation by storing an externally mutable object into AMStatusHolder.m_LastTriggered","http://findbugs.sourceforge.net/bugDescriptions.html#EI_EXPOSE_REP2","152459854","findbugs",
"3","EI_EXPOSE_REP2","com/ibm/di/amc/opstatus/AddAMRuleBean.java","1188","com.ibm.di.amc.opstatus.AddAMRuleBean.setActionsTableSelection(int[]) may expose internal representation by storing an externally mutable object into AddAMRuleBean.m_iActionsTableSelection","http://findbugs.sourceforge.net/bugDescriptions.html#EI_EXPOSE_REP2","-761530975","findbugs",
"3","EI_EXPOSE_REP2","com/ibm/di/amc/opstatus/AddAMRuleBean.java","1285","com.ibm.di.amc.opstatus.AddAMRuleBean.setExecuteOnErrorSelection(String[]) may expose internal representation by storing an externally mutable object into AddAMRuleBean.m_sExecuteOnError","http://findbugs.sourceforge.net/bugDescriptions.html#EI_EXPOSE_REP2","-1222758670","findbugs",
"3","EI_EXPOSE_REP2","com/ibm/di/amc/opstatus/AddAMRuleBean.java","1319","com.ibm.di.amc.opstatus.AddAMRuleBean.setExecuteOnErrorList(ItemDescriptor[]) may expose internal representation by storing an externally mutable object into AddAMRuleBean.m_idExecuteOnError","http://findbugs.sourceforge.net/bugDescriptions.html#EI_EXPOSE_REP2","-240086723","findbugs",
"3","EI_EXPOSE_REP2","com/ibm/di/amc/opstatus/ConfigViewDetailsBean.java","211","com.ibm.di.amc.opstatus.ConfigViewDetailsBean.setALTableSortCriteria(ColumnSortDescriptor[]) may expose internal representation by storing an externally mutable object into ConfigViewDetailsBean.m_csdALTable","http://findbugs.sourceforge.net/bugDescriptions.html#EI_EXPOSE_REP2","1548715002","findbugs",
"3","EI_EXPOSE_REP2","com/ibm/di/amc/opstatus/ConfigViewDetailsBean.java","268","com.ibm.di.amc.opstatus.ConfigViewDetailsBean.setALTableFilterCriteria(ColumnFilterDescriptor[]) may expose internal representation by storing an externally mutable object into ConfigViewDetailsBean.m_cfdALTable","http://findbugs.sourceforge.net/bugDescriptions.html#EI_EXPOSE_REP2","-1198846867","findbugs",
"3","EI_EXPOSE_REP2","com/ibm/di/amc/opstatus/ConfigViewDetailsBean.java","309","com.ibm.di.amc.opstatus.ConfigViewDetailsBean.setALTableSelection(int[]) may expose internal representation by storing an externally mutable object into ConfigViewDetailsBean.m_iALTableSelection","http://findbugs.sourceforge.net/bugDescriptions.html#EI_EXPOSE_REP2","-675837379","findbugs",
"3","EI_EXPOSE_REP2","com/ibm/di/amc/opstatus/ConfigViewDetailsBean.java","692","com.ibm.di.amc.opstatus.ConfigViewDetailsBean.setAMResultsTableSortCriteria(ColumnSortDescriptor[]) may expose internal representation by storing an externally mutable object into ConfigViewDetailsBean.m_csdAMResultsTable","http://findbugs.sourceforge.net/bugDescriptions.html#EI_EXPOSE_REP2","477277919","findbugs",
"3","EI_EXPOSE_REP2","com/ibm/di/amc/opstatus/ConfigViewDetailsBean.java","750","com.ibm.di.amc.opstatus.ConfigViewDetailsBean.setAMResultsTableFilterCriteria(ColumnFilterDescriptor[]) may expose internal representation by storing an externally mutable object into ConfigViewDetailsBean.m_cfdAMResultsTable","http://findbugs.sourceforge.net/bugDescriptions.html#EI_EXPOSE_REP2","-506114292","findbugs",
"3","EI_EXPOSE_REP2","com/ibm/di/amc/opstatus/ConfigViewDetailsBean.java","794","com.ibm.di.amc.opstatus.ConfigViewDetailsBean.setAMResultsTableSelection(int[]) may expose internal representation by storing an externally mutable object into ConfigViewDetailsBean.m_iAMResultsTableSelection","http://findbugs.sourceforge.net/bugDescriptions.html#EI_EXPOSE_REP2","-2012409234","findbugs",
"3","EI_EXPOSE_REP2","com/ibm/di/amc/opstatus/ConfigViewDetailsBean.java","890","com.ibm.di.amc.opstatus.ConfigViewDetailsBean.setHealthALSelection(int[]) may expose internal representation by storing an externally mutable object into ConfigViewDetailsBean.m_iHealthALSelection","http://findbugs.sourceforge.net/bugDescriptions.html#EI_EXPOSE_REP2","1050694955","findbugs",
"3","EI_EXPOSE_REP2","com/ibm/di/amc/opstatus/DeleteALTombstonesBean.java","129","com.ibm.di.amc.opstatus.DeleteALTombstonesBean.setDeleteCriteriaSelection(String[]) may expose internal representation by storing an externally mutable object into DeleteALTombstonesBean.m_sDeleteCriteriaSelection","http://findbugs.sourceforge.net/bugDescriptions.html#EI_EXPOSE_REP2","718376798","findbugs",
"3","EI_EXPOSE_REP2","com/ibm/di/amc/opstatus/FOSConfigBean.java","59","com.ibm.di.amc.opstatus.FOSConfigBean.setTableConfSelection(int[]) may expose internal representation by storing an externally mutable object into FOSConfigBean.m_iTableConfSelection","http://findbugs.sourceforge.net/bugDescriptions.html#EI_EXPOSE_REP2","247684686","findbugs",
"3","EI_EXPOSE_REP2","com/ibm/di/amc/opstatus/FOSConfigPanel.java","145","com.ibm.di.amc.opstatus.FOSConfigPanel.setApplicationParms(Hashtable) may expose internal representation by storing an externally mutable object into FOSConfigPanel.paramHashtable","http://findbugs.sourceforge.net/bugDescriptions.html#EI_EXPOSE_REP2","-135193838","findbugs",
"3","EI_EXPOSE_REP2","com/ibm/di/amc/opstatus/LogFileViewBean.java","109","com.ibm.di.amc.opstatus.LogFileViewBean.setLogFileTableSortCriteria(ColumnSortDescriptor[]) may expose internal representation by storing an externally mutable object into LogFileViewBean.m_csdLogFileTable","http://findbugs.sourceforge.net/bugDescriptions.html#EI_EXPOSE_REP2","1088294281","findbugs",
"3","EI_EXPOSE_REP2","com/ibm/di/amc/opstatus/LogFileViewBean.java","168","com.ibm.di.amc.opstatus.LogFileViewBean.setLogFileTableFilterCriteria(ColumnFilterDescriptor[]) may expose internal representation by storing an externally mutable object into LogFileViewBean.m_cfdLogFileTable","http://findbugs.sourceforge.net/bugDescriptions.html#EI_EXPOSE_REP2","685036790","findbugs",
"3","EI_EXPOSE_REP2","com/ibm/di/amc/opstatus/LogFileViewBean.java","209","com.ibm.di.amc.opstatus.LogFileViewBean.setLogFileTableSelection(int[]) may expose internal representation by storing an externally mutable object into LogFileViewBean.m_iLogFileTableSelection","http://findbugs.sourceforge.net/bugDescriptions.html#EI_EXPOSE_REP2","2043023812","findbugs",
"3","EI_EXPOSE_REP2","com/ibm/di/amc/opstatus/LogFileViewContentsBean.java","132","com.ibm.di.amc.opstatus.LogFileViewContentsBean.setLogFileListingFilterCriteria(ColumnFilterDescriptor[]) may expose internal representation by storing an externally mutable object into LogFileViewContentsBean.m_cfdLogFileListing","http://findbugs.sourceforge.net/bugDescriptions.html#EI_EXPOSE_REP2","-192724244","findbugs",
"3","EI_EXPOSE_REP2","com/ibm/di/amc/opstatus/LogFileViewContentsBean.java","160","com.ibm.di.amc.opstatus.LogFileViewContentsBean.setLogFileListingSelection(int[]) may expose internal representation by storing an externally mutable object into LogFileViewContentsBean.m_iLogFileListingSelection","http://findbugs.sourceforge.net/bugDescriptions.html#EI_EXPOSE_REP2","-1633453426","findbugs",
"3","EI_EXPOSE_REP2","com/ibm/di/amc/opstatus/LogFileViewContentsBean.java","90","com.ibm.di.amc.opstatus.LogFileViewContentsBean.setLogFileListingSortCriteria(ColumnSortDescriptor[]) may expose internal representation by storing an externally mutable object into LogFileViewContentsBean.m_csdLogFileListing","http://findbugs.sourceforge.net/bugDescriptions.html#EI_EXPOSE_REP2","790667967","findbugs",
"3","EI_EXPOSE_REP2","com/ibm/di/amc/opstatus/StartALSynchronouslyBean.java","182","com.ibm.di.amc.opstatus.StartALSynchronouslyBean.setEntryTableSortCriteria(ColumnSortDescriptor[]) may expose internal representation by storing an externally mutable object into StartALSynchronouslyBean.m_csdEntryTable","http://findbugs.sourceforge.net/bugDescriptions.html#EI_EXPOSE_REP2","1340001975","findbugs",
"3","EI_EXPOSE_REP2","com/ibm/di/amc/opstatus/StartALSynchronouslyBean.java","241","com.ibm.di.amc.opstatus.StartALSynchronouslyBean.setEntryTableFilterCriteria(ColumnFilterDescriptor[]) may expose internal representation by storing an externally mutable object into StartALSynchronouslyBean.m_cfdEntryTable","http://findbugs.sourceforge.net/bugDescriptions.html#EI_EXPOSE_REP2","-2083877532","findbugs",
"3","EI_EXPOSE_REP2","com/ibm/di/amc/opstatus/StartALSynchronouslyBean.java","282","com.ibm.di.amc.opstatus.StartALSynchronouslyBean.setEntryTableSelection(int[]) may expose internal representation by storing an externally mutable object into StartALSynchronouslyBean.m_iEntryTableSelection","http://findbugs.sourceforge.net/bugDescriptions.html#EI_EXPOSE_REP2","612823830","findbugs",
"3","EI_EXPOSE_REP2","com/ibm/di/amc/opstatus/TombstoneInfoBean.java","121","com.ibm.di.amc.opstatus.TombstoneInfoBean.setTombstoneTableSortCriteria(ColumnSortDescriptor[]) may expose internal representation by storing an externally mutable object into TombstoneInfoBean.m_csdTombstoneTable","http://findbugs.sourceforge.net/bugDescriptions.html#EI_EXPOSE_REP2","-1679343756","findbugs",
"3","EI_EXPOSE_REP2","com/ibm/di/amc/opstatus/TombstoneInfoBean.java","188","com.ibm.di.amc.opstatus.TombstoneInfoBean.setTombstoneTableFilterCriteria(ColumnFilterDescriptor[]) may expose internal representation by storing an externally mutable object into TombstoneInfoBean.m_cfdTombstoneTable","http://findbugs.sourceforge.net/bugDescriptions.html#EI_EXPOSE_REP2","1632231329","findbugs",
"3","EI_EXPOSE_REP2","com/ibm/di/amc/opstatus/TombstoneInfoBean.java","229","com.ibm.di.amc.opstatus.TombstoneInfoBean.setTombstoneTableSelection(int[]) may expose internal representation by storing an externally mutable object into TombstoneInfoBean.m_iTombstoneTableSelection","http://findbugs.sourceforge.net/bugDescriptions.html#EI_EXPOSE_REP2","-1451665031","findbugs",
"3","EI_EXPOSE_REP2","com/ibm/di/amc/opstatus/ViewCurrentConfigurationBean.java","149","com.ibm.di.amc.opstatus.ViewCurrentConfigurationBean.setRuleTableFilterCriteria(ColumnFilterDescriptor[]) may expose internal representation by storing an externally mutable object into ViewCurrentConfigurationBean.m_cfdRuleTable","http://findbugs.sourceforge.net/bugDescriptions.html#EI_EXPOSE_REP2","1769662812","findbugs",
"3","EI_EXPOSE_REP2","com/ibm/di/amc/opstatus/ViewCurrentConfigurationBean.java","190","com.ibm.di.amc.opstatus.ViewCurrentConfigurationBean.setRuleTableSelection(int[]) may expose internal representation by storing an externally mutable object into ViewCurrentConfigurationBean.m_iRuleTableSelection","http://findbugs.sourceforge.net/bugDescriptions.html#EI_EXPOSE_REP2","-1781004242","findbugs",
"3","EI_EXPOSE_REP2","com/ibm/di/amc/opstatus/ViewCurrentConfigurationBean.java","91","com.ibm.di.amc.opstatus.ViewCurrentConfigurationBean.setRuleTableSortCriteria(ColumnSortDescriptor[]) may expose internal representation by storing an externally mutable object into ViewCurrentConfigurationBean.m_csdRuleTable","http://findbugs.sourceforge.net/bugDescriptions.html#EI_EXPOSE_REP2","771731881","findbugs",
"3","EI_EXPOSE_REP2","com/ibm/di/amc/opstatus/ViewMonitorBean.java","185","com.ibm.di.amc.opstatus.ViewMonitorBean.setConfigViewStatusTableSortCriteria(ColumnSortDescriptor[]) may expose internal representation by storing an externally mutable object into ViewMonitorBean.m_csdConfigViewStatusTable","http://findbugs.sourceforge.net/bugDescriptions.html#EI_EXPOSE_REP2","-95644308","findbugs",
"3","EI_EXPOSE_REP2","com/ibm/di/amc/opstatus/ViewMonitorBean.java","245","com.ibm.di.amc.opstatus.ViewMonitorBean.setConfigViewStatusTableFilterCriteria(ColumnFilterDescriptor[]) may expose internal representation by storing an externally mutable object into ViewMonitorBean.m_cfdConfigViewStatusTable","http://findbugs.sourceforge.net/bugDescriptions.html#EI_EXPOSE_REP2","-1052059489","findbugs",
"3","EI_EXPOSE_REP2","com/ibm/di/amc/opstatus/ViewMonitorBean.java","286","com.ibm.di.amc.opstatus.ViewMonitorBean.setConfigViewStatusTableSelection(int[]) may expose internal representation by storing an externally mutable object into ViewMonitorBean.m_iConfigViewStatusTableSelection","http://findbugs.sourceforge.net/bugDescriptions.html#EI_EXPOSE_REP2","1306626123","findbugs",
"3","EI_EXPOSE_REP2","com/ibm/di/amc/opstatus/ViewMonitorPanel.java","156","com.ibm.di.amc.opstatus.ViewMonitorPanel.setApplicationParms(Hashtable) may expose internal representation by storing an externally mutable object into ViewMonitorPanel.paramHashtable","http://findbugs.sourceforge.net/bugDescriptions.html#EI_EXPOSE_REP2","-135193838","findbugs",
"3","EI_EXPOSE_REP2","com/ibm/di/amc/propstore/AddGlobalPropPanel.java","190","com.ibm.di.amc.propstore.AddGlobalPropPanel.setApplicationParms(Hashtable) may expose internal representation by storing an externally mutable object into AddGlobalPropPanel.paramHashtable","http://findbugs.sourceforge.net/bugDescriptions.html#EI_EXPOSE_REP2","-135193838","findbugs",
"3","EI_EXPOSE_REP2","com/ibm/di/amc/propstore/EditGlobalPropPanel.java","183","com.ibm.di.amc.propstore.EditGlobalPropPanel.setApplicationParms(Hashtable) may expose internal representation by storing an externally mutable object into EditGlobalPropPanel.paramHashtable","http://findbugs.sourceforge.net/bugDescriptions.html#EI_EXPOSE_REP2","-135193838","findbugs",
"3","EI_EXPOSE_REP2","com/ibm/di/amc/propstore/ManageGlobalPropBean.java","154","com.ibm.di.amc.propstore.ManageGlobalPropBean.setPropertyListTableFilterCriteria(ColumnFilterDescriptor[]) may expose internal representation by storing an externally mutable object into ManageGlobalPropBean.m_cfdPropertyListTable","http://findbugs.sourceforge.net/bugDescriptions.html#EI_EXPOSE_REP2","1570480165","findbugs",
"3","EI_EXPOSE_REP2","com/ibm/di/amc/propstore/ManageGlobalPropBean.java","195","com.ibm.di.amc.propstore.ManageGlobalPropBean.setPropertyListTableSelection(int[]) may expose internal representation by storing an externally mutable object into ManageGlobalPropBean.m_iPropertyListTableSelection","http://findbugs.sourceforge.net/bugDescriptions.html#EI_EXPOSE_REP2","-683418747","findbugs",
"3","EI_EXPOSE_REP2","com/ibm/di/amc/propstore/ManageGlobalPropBean.java","94","com.ibm.di.amc.propstore.ManageGlobalPropBean.setPropertyListTableSortCriteria(ColumnSortDescriptor[]) may expose internal representation by storing an externally mutable object into ManageGlobalPropBean.m_csdPropertyListTable","http://findbugs.sourceforge.net/bugDescriptions.html#EI_EXPOSE_REP2","1835912050","findbugs",
"3","EI_EXPOSE_REP2","com/ibm/di/amc/propstore/ManageJavaPropBean.java","153","com.ibm.di.amc.propstore.ManageJavaPropBean.setPropertyListFilterCriteria(ColumnFilterDescriptor[]) may expose internal representation by storing an externally mutable object into ManageJavaPropBean.m_cfdPropertyList","http://findbugs.sourceforge.net/bugDescriptions.html#EI_EXPOSE_REP2","-1207117637","findbugs",
"3","EI_EXPOSE_REP2","com/ibm/di/amc/propstore/ManageJavaPropBean.java","194","com.ibm.di.amc.propstore.ManageJavaPropBean.setPropertyListSelection(int[]) may expose internal representation by storing an externally mutable object into ManageJavaPropBean.m_iPropertyListSelection","http://findbugs.sourceforge.net/bugDescriptions.html#EI_EXPOSE_REP2","1650817951","findbugs",
"3","EI_EXPOSE_REP2","com/ibm/di/amc/propstore/ManageJavaPropBean.java","95","com.ibm.di.amc.propstore.ManageJavaPropBean.setPropertyListSortCriteria(ColumnSortDescriptor[]) may expose internal representation by storing an externally mutable object into ManageJavaPropBean.m_csdPropertyList","http://findbugs.sourceforge.net/bugDescriptions.html#EI_EXPOSE_REP2","-803860146","findbugs",
"3","EI_EXPOSE_REP2","com/ibm/di/amc/propstore/ManagePasswordPropBean.java","153","com.ibm.di.amc.propstore.ManagePasswordPropBean.setPropertyListFilterCriteria(ColumnFilterDescriptor[]) may expose internal representation by storing an externally mutable object into ManagePasswordPropBean.m_cfdPropertyList","http://findbugs.sourceforge.net/bugDescriptions.html#EI_EXPOSE_REP2","-1207117637","findbugs",
"3","EI_EXPOSE_REP2","com/ibm/di/amc/propstore/ManagePasswordPropBean.java","194","com.ibm.di.amc.propstore.ManagePasswordPropBean.setPropertyListSelection(int[]) may expose internal representation by storing an externally mutable object into ManagePasswordPropBean.m_iPropertyListSelection","http://findbugs.sourceforge.net/bugDescriptions.html#EI_EXPOSE_REP2","1650817951","findbugs",
"3","EI_EXPOSE_REP2","com/ibm/di/amc/propstore/ManagePasswordPropBean.java","95","com.ibm.di.amc.propstore.ManagePasswordPropBean.setPropertyListSortCriteria(ColumnSortDescriptor[]) may expose internal representation by storing an externally mutable object into ManagePasswordPropBean.m_csdPropertyList","http://findbugs.sourceforge.net/bugDescriptions.html#EI_EXPOSE_REP2","-803860146","findbugs",
"3","EI_EXPOSE_REP2","com/ibm/di/amc/propstore/ManagePropertiesBean.java","295","com.ibm.di.amc.propstore.ManagePropertiesBean.setmanageStoresTableSelection(int[]) may expose internal representation by storing an externally mutable object into ManagePropertiesBean.m_imanageStoresTableSelection","http://findbugs.sourceforge.net/bugDescriptions.html#EI_EXPOSE_REP2","1522137033","findbugs",
"3","EI_EXPOSE_REP2","com/ibm/di/amc/propstore/ManagePropertyStoreBean.java","120","com.ibm.di.amc.propstore.ManagePropertyStoreBean.setPropertyListTableSelection(int[]) may expose internal representation by storing an externally mutable object into ManagePropertyStoreBean.m_iPropertyListTableSelection","http://findbugs.sourceforge.net/bugDescriptions.html#EI_EXPOSE_REP2","-683418747","findbugs",
"3","EI_EXPOSE_REP2","com/ibm/di/amc/propstore/ManagePropertyStoreBean.java","68","com.ibm.di.amc.propstore.ManagePropertyStoreBean.setPropertyListTableSortCriteria(ColumnSortDescriptor[]) may expose internal representation by storing an externally mutable object into ManagePropertyStoreBean.m_csdPropertyListTable","http://findbugs.sourceforge.net/bugDescriptions.html#EI_EXPOSE_REP2","1835912050","findbugs",
"3","EI_EXPOSE_REP2","com/ibm/di/amc/propstore/ManagePropertyStoreBean.java","89","com.ibm.di.amc.propstore.ManagePropertyStoreBean.setPropertyListTableFilterCriteria(ColumnFilterDescriptor[]) may expose internal representation by storing an externally mutable object into ManagePropertyStoreBean.m_cfdPropertyListTable","http://findbugs.sourceforge.net/bugDescriptions.html#EI_EXPOSE_REP2","1570480165","findbugs",
"3","EI_EXPOSE_REP2","com/ibm/di/amc/propstore/ManagePropertyStorePanel.java","265","com.ibm.di.amc.propstore.ManagePropertyStorePanel.setApplicationParms(Hashtable) may expose internal representation by storing an externally mutable object into ManagePropertyStorePanel.paramHashtable","http://findbugs.sourceforge.net/bugDescriptions.html#EI_EXPOSE_REP2","-135193838","findbugs",
"3","EI_EXPOSE_REP2","com/ibm/di/amc/propstore/ManageSolutionPropBean.java","152","com.ibm.di.amc.propstore.ManageSolutionPropBean.setPropertyListFilterCriteria(ColumnFilterDescriptor[]) may expose internal representation by storing an externally mutable object into ManageSolutionPropBean.m_cfdPropertyList","http://findbugs.sourceforge.net/bugDescriptions.html#EI_EXPOSE_REP2","-1207117637","findbugs",
"3","EI_EXPOSE_REP2","com/ibm/di/amc/propstore/ManageSolutionPropBean.java","193","com.ibm.di.amc.propstore.ManageSolutionPropBean.setPropertyListSelection(int[]) may expose internal representation by storing an externally mutable object into ManageSolutionPropBean.m_iPropertyListSelection","http://findbugs.sourceforge.net/bugDescriptions.html#EI_EXPOSE_REP2","1650817951","findbugs",
"3","EI_EXPOSE_REP2","com/ibm/di/amc/propstore/ManageSolutionPropBean.java","94","com.ibm.di.amc.propstore.ManageSolutionPropBean.setPropertyListSortCriteria(ColumnSortDescriptor[]) may expose internal representation by storing an externally mutable object into ManageSolutionPropBean.m_csdPropertyList","http://findbugs.sourceforge.net/bugDescriptions.html#EI_EXPOSE_REP2","-803860146","findbugs",
"3","EI_EXPOSE_REP2","com/ibm/di/amc/propstore/ManageSystemPropBean.java","103","com.ibm.di.amc.propstore.ManageSystemPropBean.setPropertyListSortCriteria(ColumnSortDescriptor[]) may expose internal representation by storing an externally mutable object into ManageSystemPropBean.m_csdPropertyList","http://findbugs.sourceforge.net/bugDescriptions.html#EI_EXPOSE_REP2","-803860146","findbugs",
"3","EI_EXPOSE_REP2","com/ibm/di/amc/propstore/ManageSystemPropBean.java","161","com.ibm.di.amc.propstore.ManageSystemPropBean.setPropertyListFilterCriteria(ColumnFilterDescriptor[]) may expose internal representation by storing an externally mutable object into ManageSystemPropBean.m_cfdPropertyList","http://findbugs.sourceforge.net/bugDescriptions.html#EI_EXPOSE_REP2","-1207117637","findbugs",
"3","EI_EXPOSE_REP2","com/ibm/di/amc/propstore/ManageSystemPropBean.java","202","com.ibm.di.amc.propstore.ManageSystemPropBean.setPropertyListSelection(int[]) may expose internal representation by storing an externally mutable object into ManageSystemPropBean.m_iPropertyListSelection","http://findbugs.sourceforge.net/bugDescriptions.html#EI_EXPOSE_REP2","1650817951","findbugs",
"3","EI_EXPOSE_REP2","com/ibm/di/amc/propstore/ManageUserStoresBean.java","170","com.ibm.di.amc.propstore.ManageUserStoresBean.setPropertyListSortCriteria(ColumnSortDescriptor[]) may expose internal representation by storing an externally mutable object into ManageUserStoresBean.m_csdPropertyList","http://findbugs.sourceforge.net/bugDescriptions.html#EI_EXPOSE_REP2","-803860146","findbugs",
"3","EI_EXPOSE_REP2","com/ibm/di/amc/propstore/ManageUserStoresBean.java","228","com.ibm.di.amc.propstore.ManageUserStoresBean.setPropertyListFilterCriteria(ColumnFilterDescriptor[]) may expose internal representation by storing an externally mutable object into ManageUserStoresBean.m_cfdPropertyList","http://findbugs.sourceforge.net/bugDescriptions.html#EI_EXPOSE_REP2","-1207117637","findbugs",
"3","EI_EXPOSE_REP2","com/ibm/di/amc/propstore/ManageUserStoresBean.java","269","com.ibm.di.amc.propstore.ManageUserStoresBean.setPropertyListSelection(int[]) may expose internal representation by storing an externally mutable object into ManageUserStoresBean.m_iPropertyListSelection","http://findbugs.sourceforge.net/bugDescriptions.html#EI_EXPOSE_REP2","1650817951","findbugs",
"3","EI_EXPOSE_REP2","com/ibm/di/amc/userpref/ChangePasswordPanel.java","154","com.ibm.di.amc.userpref.ChangePasswordPanel.setApplicationParms(Hashtable) may expose internal representationby storing an externally mutable object into ChangePasswordPanel.paramHashtable","http://findbugs.sourceforge.net/bugDescriptions.html#EI_EXPOSE_REP2","-135193838","findbugs",
"3","EI_EXPOSE_REP2","com/ibm/di/amc/userpref/PreferredConfigViewsBean.java","174","com.ibm.di.amc.userpref.PreferredConfigViewsBean.setConfigViewsTableSortCriteria(ColumnSortDescriptor[]) may expose internal representation by storing an externally mutable object into PreferredConfigViewsBean.m_csdConfigViewsTable","http://findbugs.sourceforge.net/bugDescriptions.html#EI_EXPOSE_REP2","-1545073507","findbugs",
"3","EI_EXPOSE_REP2","com/ibm/di/amc/userpref/PreferredConfigViewsBean.java","233","com.ibm.di.amc.userpref.PreferredConfigViewsBean.setConfigViewsTableFilterCriteria(ColumnFilterDescriptor[]) may expose internal representation by storing an externally mutable object into PreferredConfigViewsBean.m_cfdConfigViewsTable","http://findbugs.sourceforge.net/bugDescriptions.html#EI_EXPOSE_REP2","-1692183158","findbugs",
"3","EI_EXPOSE_REP2","com/ibm/di/amc/userpref/PreferredConfigViewsBean.java","275","com.ibm.di.amc.userpref.PreferredConfigViewsBean.setConfigViewsTableSelection(int[]) may expose internal representation by storing an externally mutable object into PreferredConfigViewsBean.m_iConfigViewsTableSelection","http://findbugs.sourceforge.net/bugDescriptions.html#EI_EXPOSE_REP2","-87983184","findbugs",
"3","EI_EXPOSE_REP2","com/ibm/di/amc/userpref/PreferredConfigViewsPanel.java","144","com.ibm.di.amc.userpref.PreferredConfigViewsPanel.setApplicationParms(Hashtable) may expose internal representation by storing an externally mutable object into PreferredConfigViewsPanel.paramHashtable","http://findbugs.sourceforge.net/bugDescriptions.html#EI_EXPOSE_REP2","-135193838","findbugs",
"3","EI_EXPOSE_REP2","com/ibm/di/amc/usrgrp/GroupManagementAddGroupPanel.java","143","com.ibm.di.amc.usrgrp.GroupManagementAddGroupPanel.setApplicationParms(Hashtable) may expose internal representation by storing an externally mutable object into GroupManagementAddGroupPanel.paramHashtable","http://findbugs.sourceforge.net/bugDescriptions.html#EI_EXPOSE_REP2","-135193838","findbugs",
"3","EI_EXPOSE_REP2","com/ibm/di/amc/usrgrp/GroupManagementAddMembersBean.java","108","com.ibm.di.amc.usrgrp.GroupManagementAddMembersBean.setNonMembersTableSortCriteria(ColumnSortDescriptor[]) may expose internal representation by storing an externally mutable object into GroupManagementAddMembersBean.m_csdNonMembersTable","http://findbugs.sourceforge.net/bugDescriptions.html#EI_EXPOSE_REP2","-289546599","findbugs",
"3","EI_EXPOSE_REP2","com/ibm/di/amc/usrgrp/GroupManagementAddMembersBean.java","167","com.ibm.di.amc.usrgrp.GroupManagementAddMembersBean.setNonMembersTableFilterCriteria(ColumnFilterDescriptor[]) may expose internal representation by storing an externally mutable object into GroupManagementAddMembersBean.m_cfdNonMembersTable","http://findbugs.sourceforge.net/bugDescriptions.html#EI_EXPOSE_REP2","-709934068","findbugs",
"3","EI_EXPOSE_REP2","com/ibm/di/amc/usrgrp/GroupManagementAddMembersBean.java","208","com.ibm.di.amc.usrgrp.GroupManagementAddMembersBean.setNonMembersTableSelection(int[]) may expose internal representation by storing an externally mutable object into GroupManagementAddMembersBean.m_iNonMembersTableSelection","http://findbugs.sourceforge.net/bugDescriptions.html#EI_EXPOSE_REP2","-1500353154","findbugs",
"3","EI_EXPOSE_REP2","com/ibm/di/amc/usrgrp/GroupManagementAddMembersPanel.java","176","com.ibm.di.amc.usrgrp.GroupManagementAddMembersPanel.setApplicationParms(Hashtable) may expose internal representation by storing an externally mutable object into GroupManagementAddMembersPanel.paramHashtable","http://findbugs.sourceforge.net/bugDescriptions.html#EI_EXPOSE_REP2","-135193838","findbugs",
"3","EI_EXPOSE_REP2","com/ibm/di/amc/usrgrp/GroupManagementBean.java","108","com.ibm.di.amc.usrgrp.GroupManagementBean.setGroupTableSortCriteria(ColumnSortDescriptor[]) may expose internal representation by storing an externally mutable object into GroupManagementBean.m_csdGroupTable","http://findbugs.sourceforge.net/bugDescriptions.html#EI_EXPOSE_REP2","-1996284854","findbugs",
"3","EI_EXPOSE_REP2","com/ibm/di/amc/usrgrp/GroupManagementBean.java","166","com.ibm.di.amc.usrgrp.GroupManagementBean.setGroupTableFilterCriteria(ColumnFilterDescriptor[]) may expose internal representation by storing an externally mutable object into GroupManagementBean.m_cfdGroupTable","http://findbugs.sourceforge.net/bugDescriptions.html#EI_EXPOSE_REP2","-1125197065","findbugs",
"3","EI_EXPOSE_REP2","com/ibm/di/amc/usrgrp/GroupManagementBean.java","206","com.ibm.di.amc.usrgrp.GroupManagementBean.setGroupTableSelection(int[]) may expose internal representation by storing an externally mutable object into GroupManagementBean.m_iGroupTableSelection","http://findbugs.sourceforge.net/bugDescriptions.html#EI_EXPOSE_REP2","1360345827","findbugs",
"3","EI_EXPOSE_REP2","com/ibm/di/amc/usrgrp/GroupManagementEditGroupBean.java","154","com.ibm.di.amc.usrgrp.GroupManagementEditGroupBean.setMembersTableSortCriteria(ColumnSortDescriptor[]) may expose internal representation by storing an externally mutable object into GroupManagementEditGroupBean.m_csdMembersTable","http://findbugs.sourceforge.net/bugDescriptions.html#EI_EXPOSE_REP2","-767678352","findbugs",
"3","EI_EXPOSE_REP2","com/ibm/di/amc/usrgrp/GroupManagementEditGroupBean.java","212","com.ibm.di.amc.usrgrp.GroupManagementEditGroupBean.setMembersTableFilterCriteria(ColumnFilterDescriptor[]) may expose internal representation by storing an externally mutable object into GroupManagementEditGroupBean.m_cfdMembersTable","http://findbugs.sourceforge.net/bugDescriptions.html#EI_EXPOSE_REP2","-1170935843","findbugs",
"3","EI_EXPOSE_REP2","com/ibm/di/amc/usrgrp/GroupManagementEditGroupBean.java","253","com.ibm.di.amc.usrgrp.GroupManagementEditGroupBean.setMembersTableSelection(int[]) may expose internal representation by storing an externally mutable object into GroupManagementEditGroupBean.m_iMembersTableSelection","http://findbugs.sourceforge.net/bugDescriptions.html#EI_EXPOSE_REP2","1479035581","findbugs",
"3","EI_EXPOSE_REP2","com/ibm/di/amc/usrgrp/GroupManagementEditGroupPanel.java","156","com.ibm.di.amc.usrgrp.GroupManagementEditGroupPanel.setApplicationParms(Hashtable) may expose internal representation by storing an externally mutable object into GroupManagementEditGroupPanel.paramHashtable","http://findbugs.sourceforge.net/bugDescriptions.html#EI_EXPOSE_REP2","-135193838","findbugs",
"3","EI_EXPOSE_REP2","com/ibm/di/amc/usrgrp/GroupManagementPanel.java","142","com.ibm.di.amc.usrgrp.GroupManagementPanel.setApplicationParms(Hashtable) may expose internal representation by storing an externally mutable object into GroupManagementPanel.paramHashtable","http://findbugs.sourceforge.net/bugDescriptions.html#EI_EXPOSE_REP2","-135193838","findbugs",
"3","EI_EXPOSE_REP2","com/ibm/di/amc/usrgrp/UserManagementAddUserPanel.java","141","com.ibm.di.amc.usrgrp.UserManagementAddUserPanel.setApplicationParms(Hashtable) may expose internal representation by storing an externally mutable object into UserManagementAddUserPanel.paramHashtable","http://findbugs.sourceforge.net/bugDescriptions.html#EI_EXPOSE_REP2","-135193838","findbugs",
"3","EI_EXPOSE_REP2","com/ibm/di/amc/usrgrp/UserManagementBean.java","108","com.ibm.di.amc.usrgrp.UserManagementBean.setm_userListSortCriteria(ColumnSortDescriptor[]) may expose internal representation by storing an externally mutable object into UserManagementBean.m_csdm_userList","http://findbugs.sourceforge.net/bugDescriptions.html#EI_EXPOSE_REP2","-2141011914","findbugs",
"3","EI_EXPOSE_REP2","com/ibm/di/amc/usrgrp/UserManagementBean.java","166","com.ibm.di.amc.usrgrp.UserManagementBean.setm_userListFilterCriteria(ColumnFilterDescriptor[]) may expose internal representation by storing an externally mutable object into UserManagementBean.m_cfdm_userList","http://findbugs.sourceforge.net/bugDescriptions.html#EI_EXPOSE_REP2","-1269924125","findbugs",
"3","EI_EXPOSE_REP2","com/ibm/di/amc/usrgrp/UserManagementBean.java","206","com.ibm.di.amc.usrgrp.UserManagementBean.setm_userListSelection(int[]) may expose internal representation by storing an externally mutable object into UserManagementBean.m_im_userListSelection","http://findbugs.sourceforge.net/bugDescriptions.html#EI_EXPOSE_REP2","726745207","findbugs",
"3","EI_EXPOSE_REP2","com/ibm/di/amc/usrgrp/UserManagementEditUserPanel.java","180","com.ibm.di.amc.usrgrp.UserManagementEditUserPanel.setApplicationParms(Hashtable) may expose internal representation by storing an externally mutable object into UserManagementEditUserPanel.paramHashtable","http://findbugs.sourceforge.net/bugDescriptions.html#EI_EXPOSE_REP2","-135193838","findbugs",
"3","EI_EXPOSE_REP2","com/ibm/di/amc/usrgrp/UserManagementPanel.java","127","com.ibm.di.amc.usrgrp.UserManagementPanel.setApplicationParms(Hashtable) may expose internal representation by storing an externally mutable object into UserManagementPanel.paramHashtable","http://findbugs.sourceforge.net/bugDescriptions.html#EI_EXPOSE_REP2","-135193838","findbugs",
"3","EI_EXPOSE_REP2","com/ibm/di/api/remote/impl/rmi/NullPrompter.java","79","new com.ibm.di.api.remote.impl.rmi.NullPrompter(String, char[]) may expose internal representation by storing an externally mutable object into NullPrompter.authenticator","http://findbugs.sourceforge.net/bugDescriptions.html#EI_EXPOSE_REP2","1311291336","findbugs",
"3","EI_EXPOSE_REP2","com/ibm/di/fc/castorbind/ByteArrayWrapper.java","48","com.ibm.di.fc.castorbind.ByteArrayWrapper.setBytes(Byte[]) may expose internal representation by storing an externally mutable object into ByteArrayWrapper.mBytes","http://findbugs.sourceforge.net/bugDescriptions.html#EI_EXPOSE_REP2","1393591916","findbugs",
"3","EI_EXPOSE_REP2","com/ibm/di/fc/castorbind/CharArrayWrapper.java","65","com.ibm.di.fc.castorbind.CharArrayWrapper.setCharacters(char[]) may expose internal representation by storing an externally mutable object into CharArrayWrapper.mCharacters","http://findbugs.sourceforge.net/bugDescriptions.html#EI_EXPOSE_REP2","1205969075","findbugs",
"3","EI_EXPOSE_REP2","com/ibm/di/fc/castorbind/StringArrayWrapper.java","49","com.ibm.di.fc.castorbind.StringArrayWrapper.setStrings(String[]) may expose internal representation by storing an externally mutable object into StringArrayWrapper.mStrings","http://findbugs.sourceforge.net/bugDescriptions.html#EI_EXPOSE_REP2","146835212","findbugs",
"3","EI_EXPOSE_REP2","com/ibm/di/fc/castorbind/TypeWrapper.java","261","com.ibm.di.fc.castorbind.TypeWrapper.setDate(Date) may expose internal representation by storing an externally mutable object into TypeWrapper.mDate","http://findbugs.sourceforge.net/bugDescriptions.html#EI_EXPOSE_REP2","-661258124","findbugs",
"3","EI_EXPOSE_REP2","com/ibm/di/protocols/FTPBean.java","328","new com.ibm.di.protocols.FTPBean$DirectoryContents(String[]) may expose internal representation by storing an externally mutable object into FTPBean$DirectoryContents.list","http://findbugs.sourceforge.net/bugDescriptions.html#EI_EXPOSE_REP2","1843753352","findbugs",
"3","EI_EXPOSE_REP2","com/ibm/tdi/eclipse/actions/InsertComponent.java","68","new com.ibm.tdi.eclipse.actions.InsertComponent(Shell, BaseConfiguration, String, String[]) may expose internal representation by storing an externally mutable object into InsertComponent.pages","http://findbugs.sourceforge.net/bugDescriptions.html#EI_EXPOSE_REP2","186288230","findbugs",
"3","EI_EXPOSE_REP2","com/ibm/tdi/eclipse/actions/operations/InsertConfigOperation.java","46","new com.ibm.tdi.eclipse.actions.operations.InsertConfigOperation(BaseConfiguration[], ContainerConfig, int[]) may expose internal representation by storing an externally mutable object into InsertConfigOperation.config","http://findbugs.sourceforge.net/bugDescriptions.html#EI_EXPOSE_REP2","-2001012293","findbugs",
"3","EI_EXPOSE_REP2","com/ibm/tdi/eclipse/actions/operations/InsertConfigOperation.java","48","new com.ibm.tdi.eclipse.actions.operations.InsertConfigOperation(BaseConfiguration[], ContainerConfig, int[]) may expose internal representation by storing an externally mutable object into InsertConfigOperation.position","http://findbugs.sourceforge.net/bugDescriptions.html#EI_EXPOSE_REP2","106680091","findbugs",
"3","EI_EXPOSE_REP2","com/ibm/tdi/eclipse/stepper/StepperPanel.java","1225","com.ibm.tdi.eclipse.stepper.StepperPanel.restoreBK(Hashtable) may expose internal representation by storing an externally mutable object into StepperPanel.restoreBK","http://findbugs.sourceforge.net/bugDescriptions.html#EI_EXPOSE_REP2","511513609","findbugs",
"3","EI_EXPOSE_REP2","com/ibm/tdi/eclipse/util/ImportUtils.java","107","com.ibm.tdi.eclipse.util.ImportUtils.importConfig(BaseConfiguration[], boolean) may expose internal representation by storing an externally mutable object into ImportUtils.includes","http://findbugs.sourceforge.net/bugDescriptions.html#EI_EXPOSE_REP2","-1775929499","findbugs",
"3","EI_EXPOSE_REP2","com/ibm/tdi/eclipse/widget/AssemblyLineStepComposite.java","153","com.ibm.tdi.eclipse.widget.AssemblyLineStepComposite.setBreakpoints(Hashtable) may expose internal representation by storing an externally mutable object into AssemblyLineStepComposite.breakpoints","http://findbugs.sourceforge.net/bugDescriptions.html#EI_EXPOSE_REP2","-1160805540","findbugs",
"3","EI_EXPOSE_REP2","com/ibm/tdi/eclipse/widget/ConnectorWidget.java","335","com.ibm.tdi.eclipse.widget.ConnectorWidget.setTabButtonNames(String[]) may expose internal representation by storing an externally mutable object into ConnectorWidget.buttons","http://findbugs.sourceforge.net/bugDescriptions.html#EI_EXPOSE_REP2","1975018668","findbugs",
"3","EI_EXPOSE_REP2","com/ibm/tdi/eclipse/wizards/ConnectorConfigWizard.java","290","com.ibm.tdi.eclipse.wizards.ConnectorConfigWizard.setShowPages(String[]) may expose internal representation by storing an externally mutable object into ConnectorConfigWizard.showPages","http://findbugs.sourceforge.net/bugDescriptions.html#EI_EXPOSE_REP2","614963232","findbugs",
"3","EI_EXPOSE_REP2","com/ibm/tdi/eclipse/wizards/NewComponentBaseWizard.java","204","com.ibm.tdi.eclipse.wizards.NewComponentBaseWizard.setModeFilter(String[]) may expose internal representation by storing an externally mutable object into NewComponentBaseWizard.modeFilter","http://findbugs.sourceforge.net/bugDescriptions.html#EI_EXPOSE_REP2","-861428781","findbugs",
"3","EI_EXPOSE_REP2","com/ibm/tdi/eclipse/wizards/pages/ConfigTypePage.java","101","com.ibm.tdi.eclipse.wizards.pages.ConfigTypePage.setModeFilters(String[]) may expose internal representation by storing an externally mutable object into ConfigTypePage.modeFilters","http://findbugs.sourceforge.net/bugDescriptions.html#EI_EXPOSE_REP2","520620798","findbugs",
"3","EI_EXPOSE_REP","com/ibm/di/amc/configadm/ALOperationInputParamBean.java","122","com.ibm.di.amc.configadm.ALOperationInputParamBean.getInitAttrTableSelection() may expose internal representation by returning ALOperationInputParamBean.m_iInitAttrTableSelection","http://findbugs.sourceforge.net/bugDescriptions.html#EI_EXPOSE_REP","-1684292843","findbugs",
"3","EI_EXPOSE_REP","com/ibm/di/amc/configadm/ALOperationInputParamBean.java","226","com.ibm.di.amc.configadm.ALOperationInputParamBean.getOperationAttributeTableSelection() may expose internal representation by returning ALOperationInputParamBean.m_iOperationAttributeTableSelection","http://findbugs.sourceforge.net/bugDescriptions.html#EI_EXPOSE_REP","-1541034111","findbugs",
"3","EI_EXPOSE_REP","com/ibm/di/amc/configadm/AddGroupACLBean.java","126","com.ibm.di.amc.configadm.AddGroupACLBean.getRoleSelection() may expose internal representation by returning AddGroupACLBean.m_sRoleSelection","http://findbugs.sourceforge.net/bugDescriptions.html#EI_EXPOSE_REP","-1938064938","findbugs",
"3","EI_EXPOSE_REP","com/ibm/di/amc/configadm/AddGroupACLBean.java","78","com.ibm.di.amc.configadm.AddGroupACLBean.getGroupIDList() may expose internal representation by returning AddGroupACLBean.m_vdGroupID","http://findbugs.sourceforge.net/bugDescriptions.html#EI_EXPOSE_REP","-678214543","findbugs",
"3","EI_EXPOSE_REP","com/ibm/di/amc/configadm/AddUserACLBean.java","124","com.ibm.di.amc.configadm.AddUserACLBean.getRoleSelection() may expose internal representation by returning AddUserACLBean.m_sRoleSelection","http://findbugs.sourceforge.net/bugDescriptions.html#EI_EXPOSE_REP","-1938064938","findbugs",
"3","EI_EXPOSE_REP","com/ibm/di/amc/configadm/AddUserACLBean.java","76","com.ibm.di.amc.configadm.AddUserACLBean.getUserIDList() may expose internal representation by returning AddUserACLBean.m_vdUserID","http://findbugs.sourceforge.net/bugDescriptions.html#EI_EXPOSE_REP","-46819323","findbugs",
"3","EI_EXPOSE_REP","com/ibm/di/amc/configadm/ConfigViewReportBean.java","192","com.ibm.di.amc.configadm.ConfigViewReportBean.getConfigViewsList() may expose internal representation by returning ConfigViewReportBean.m_vdConfigViews","http://findbugs.sourceforge.net/bugDescriptions.html#EI_EXPOSE_REP","-1777670593","findbugs",
"3","EI_EXPOSE_REP","com/ibm/di/amc/configadm/ConfigViewReportBean.java","243","com.ibm.di.amc.configadm.ConfigViewReportBean.getAssemblyLinesListSortCriteria() may expose internal representation by returning ConfigViewReportBean.m_csdAssemblyLinesList","http://findbugs.sourceforge.net/bugDescriptions.html#EI_EXPOSE_REP","1983140342","findbugs",
"3","EI_EXPOSE_REP","com/ibm/di/amc/configadm/ConfigViewReportBean.java","304","com.ibm.di.amc.configadm.ConfigViewReportBean.getAssemblyLinesListFilterCriteria() may expose internal representation by returning ConfigViewReportBean.m_cfdAssemblyLinesList","http://findbugs.sourceforge.net/bugDescriptions.html#EI_EXPOSE_REP","-1292079325","findbugs",
"3","EI_EXPOSE_REP","com/ibm/di/amc/configadm/ConfigViewReportBean.java","342","com.ibm.di.amc.configadm.ConfigViewReportBean.getAssemblyLinesListSelection() may expose internal representation by returning ConfigViewReportBean.m_iAssemblyLinesListSelection","http://findbugs.sourceforge.net/bugDescriptions.html#EI_EXPOSE_REP","1606551007","findbugs",
"3","EI_EXPOSE_REP","com/ibm/di/amc/configadm/ConnectorInfoBean.java","143","com.ibm.di.amc.configadm.ConnectorInfoBean.getConnectorListTableFilterCriteria() may expose internal representation by returning ConnectorInfoBean.m_cfdConnectorListTable","http://findbugs.sourceforge.net/bugDescriptions.html#EI_EXPOSE_REP","1128779641","findbugs",
"3","EI_EXPOSE_REP","com/ibm/di/amc/configadm/ConnectorInfoBean.java","173","com.ibm.di.amc.configadm.ConnectorInfoBean.getConnectorListTableSelection() may expose internal representation by returning ConnectorInfoBean.m_iConnectorListTableSelection","http://findbugs.sourceforge.net/bugDescriptions.html#EI_EXPOSE_REP","-391647655","findbugs",
"3","EI_EXPOSE_REP","com/ibm/di/amc/configadm/ConnectorInfoBean.java","97","com.ibm.di.amc.configadm.ConnectorInfoBean.getConnectorListTableSortCriteria() may expose internal representation by returning ConnectorInfoBean.m_csdConnectorListTable","http://findbugs.sourceforge.net/bugDescriptions.html#EI_EXPOSE_REP","-418625786","findbugs",
"3","EI_EXPOSE_REP","com/ibm/di/amc/configadm/CreateConfigViewBean.java","1086","com.ibm.di.amc.configadm.CreateConfigViewBean.getHealthALNoneSelection() may expose internal representation by returning CreateConfigViewBean.m_sHealthALNoneSelection","http://findbugs.sourceforge.net/bugDescriptions.html#EI_EXPOSE_REP","-853347201","findbugs",
"3","EI_EXPOSE_REP","com/ibm/di/amc/configadm/CreateConfigViewBean.java","1111","com.ibm.di.amc.configadm.CreateConfigViewBean.getQuickCreateGroupSelection() may expose internal representation by returning CreateConfigViewBean.m_sQuickCreateGroupSelection","http://findbugs.sourceforge.net/bugDescriptions.html#EI_EXPOSE_REP","-2059340138","findbugs",
"3","EI_EXPOSE_REP","com/ibm/di/amc/configadm/CreateConfigViewBean.java","1145","com.ibm.di.amc.configadm.CreateConfigViewBean.gethealthALIntervalUnitsList() may expose internal representation by returning CreateConfigViewBean.m_vdhealthALIntervalUnits","http://findbugs.sourceforge.net/bugDescriptions.html#EI_EXPOSE_REP","134235112","findbugs",
"3","EI_EXPOSE_REP","com/ibm/di/amc/configadm/CreateConfigViewBean.java","1217","com.ibm.di.amc.configadm.CreateConfigViewBean.getSimpleAdvancedOptionSelection() may expose internal representation by returning CreateConfigViewBean.m_sSimpleAdvancedOptionSelection","http://findbugs.sourceforge.net/bugDescriptions.html#EI_EXPOSE_REP","1540134185","findbugs",
"3","EI_EXPOSE_REP","com/ibm/di/amc/configadm/CreateConfigViewBean.java","1242","com.ibm.di.amc.configadm.CreateConfigViewBean.getautoUpdateSelection() may expose internal representation by returning CreateConfigViewBean.m_sautoUpdateSelection","http://findbugs.sourceforge.net/bugDescriptions.html#EI_EXPOSE_REP","585459032","findbugs",
"3","EI_EXPOSE_REP","com/ibm/di/amc/configadm/CreateConfigViewBean.java","335","com.ibm.di.amc.configadm.CreateConfigViewBean.getPropertyStoresList() may expose internal representation by returning CreateConfigViewBean.m_vdPropertyStores","http://findbugs.sourceforge.net/bugDescriptions.html#EI_EXPOSE_REP","1540461668","findbugs",
"3","EI_EXPOSE_REP","com/ibm/di/amc/configadm/CreateConfigViewBean.java","394","com.ibm.di.amc.configadm.CreateConfigViewBean.getPropertyListSortCriteria() may expose internal representation by returning CreateConfigViewBean.m_csdPropertyList","http://findbugs.sourceforge.net/bugDescriptions.html#EI_EXPOSE_REP","-1556470922","findbugs",
"3","EI_EXPOSE_REP","com/ibm/di/amc/configadm/CreateConfigViewBean.java","451","com.ibm.di.amc.configadm.CreateConfigViewBean.getPropertyListFilterCriteria() may expose internal representation by returning CreateConfigViewBean.m_cfdPropertyList","http://findbugs.sourceforge.net/bugDescriptions.html#EI_EXPOSE_REP","320192041","findbugs",
"3","EI_EXPOSE_REP","com/ibm/di/amc/configadm/CreateConfigViewBean.java","492","com.ibm.di.amc.configadm.CreateConfigViewBean.getPropertyListSelection() may expose internal representation by returning CreateConfigViewBean.m_iPropertyListSelection","http://findbugs.sourceforge.net/bugDescriptions.html#EI_EXPOSE_REP","-2089759831","findbugs",
"3","EI_EXPOSE_REP","com/ibm/di/amc/configadm/CreateConfigViewBean.java","650","com.ibm.di.amc.configadm.CreateConfigViewBean.getAssemblyLineTableSortCriteria() may expose internal representation by returning CreateConfigViewBean.m_csdAssemblyLineTable","http://findbugs.sourceforge.net/bugDescriptions.html#EI_EXPOSE_REP","1114814873","findbugs",
"3","EI_EXPOSE_REP","com/ibm/di/amc/configadm/CreateConfigViewBean.java","709","com.ibm.di.amc.configadm.CreateConfigViewBean.getAssemblyLineTableFilterCriteria() may expose internal representation by returning CreateConfigViewBean.m_cfdAssemblyLineTable","http://findbugs.sourceforge.net/bugDescriptions.html#EI_EXPOSE_REP","2134562502","findbugs",
"3","EI_EXPOSE_REP","com/ibm/di/amc/configadm/CreateConfigViewBean.java","746","com.ibm.di.amc.configadm.CreateConfigViewBean.getAssemblyLineTableSelection() may expose internal representation by returning CreateConfigViewBean.m_iAssemblyLineTableSelection","http://findbugs.sourceforge.net/bugDescriptions.html#EI_EXPOSE_REP","-1869970020","findbugs",
"3","EI_EXPOSE_REP","com/ibm/di/amc/configadm/CreateConfigViewBean.java","880","com.ibm.di.amc.configadm.CreateConfigViewBean.getSelectHealthALTableSortCriteria() may expose internal representation by returning CreateConfigViewBean.m_csdSelectHealthALTable","http://findbugs.sourceforge.net/bugDescriptions.html#EI_EXPOSE_REP","-390517758","findbugs",
"3","EI_EXPOSE_REP","com/ibm/di/amc/configadm/CreateConfigViewBean.java","939","com.ibm.di.amc.configadm.CreateConfigViewBean.getSelectHealthALTableFilterCriteria() may expose internal representation by returning CreateConfigViewBean.m_cfdSelectHealthALTable","http://findbugs.sourceforge.net/bugDescriptions.html#EI_EXPOSE_REP","334410223","findbugs",
"3","EI_EXPOSE_REP","com/ibm/di/amc/configadm/CreateConfigViewBean.java","976","com.ibm.di.amc.configadm.CreateConfigViewBean.getSelectHealthALTableSelection() may expose internal representation by returning CreateConfigViewBean.m_iSelectHealthALTableSelection","http://findbugs.sourceforge.net/bugDescriptions.html#EI_EXPOSE_REP","-1075238253","findbugs",
"3","EI_EXPOSE_REP","com/ibm/di/amc/configadm/EditConfigViewBean.java","205","com.ibm.di.amc.configadm.EditConfigViewBean.getAssemblyLinesSortCriteria() may expose internal representation by returning EditConfigViewBean.m_csdAssemblyLines","http://findbugs.sourceforge.net/bugDescriptions.html#EI_EXPOSE_REP","1316627316","findbugs",
"3","EI_EXPOSE_REP","com/ibm/di/amc/configadm/EditConfigViewBean.java","262","com.ibm.di.amc.configadm.EditConfigViewBean.getAssemblyLinesFilterCriteria() may expose internal representation by returning EditConfigViewBean.m_cfdAssemblyLines","http://findbugs.sourceforge.net/bugDescriptions.html#EI_EXPOSE_REP","-636362975","findbugs",
"3","EI_EXPOSE_REP","com/ibm/di/amc/configadm/EditConfigViewBean.java","299","com.ibm.di.amc.configadm.EditConfigViewBean.getAssemblyLinesSelection() may expose internal representation by returning EditConfigViewBean.m_iAssemblyLinesSelection","http://findbugs.sourceforge.net/bugDescriptions.html#EI_EXPOSE_REP","1606168481","findbugs",
"3","EI_EXPOSE_REP","com/ibm/di/amc/configadm/EditConfigViewBean.java","405","com.ibm.di.amc.configadm.EditConfigViewBean.getAvailableHealthALSortCriteria() mayexpose internal representation by returning EditConfigViewBean.m_csdAvailableHealthAL","http://findbugs.sourceforge.net/bugDescriptions.html#EI_EXPOSE_REP","-2138675043","findbugs",
"3","EI_EXPOSE_REP","com/ibm/di/amc/configadm/EditConfigViewBean.java","464","com.ibm.di.amc.configadm.EditConfigViewBean.getAvailableHealthALFilterCriteria() may expose internal representation by returning EditConfigViewBean.m_cfdAvailableHealthAL","http://findbugs.sourceforge.net/bugDescriptions.html#EI_EXPOSE_REP","-1118927414","findbugs",
"3","EI_EXPOSE_REP","com/ibm/di/amc/configadm/EditConfigViewBean.java","501","com.ibm.di.amc.configadm.EditConfigViewBean.getAvailableHealthALSelection() may expose internal representation by returning EditConfigViewBean.m_iAvailableHealthALSelection","http://findbugs.sourceforge.net/bugDescriptions.html#EI_EXPOSE_REP","2102491928","findbugs",
"3","EI_EXPOSE_REP","com/ibm/di/amc/configadm/EditConfigViewBean.java","580","com.ibm.di.amc.configadm.EditConfigViewBean.getPropertyStoresList() may expose internal representation by returning EditConfigViewBean.m_vdPropertyStores","http://findbugs.sourceforge.net/bugDescriptions.html#EI_EXPOSE_REP","1540461668","findbugs",
"3","EI_EXPOSE_REP","com/ibm/di/amc/configadm/EditConfigViewBean.java","640","com.ibm.di.amc.configadm.EditConfigViewBean.getPropertyListTableSortCriteria() may expose internal representation by returning EditConfigViewBean.m_csdPropertyListTable","http://findbugs.sourceforge.net/bugDescriptions.html#EI_EXPOSE_REP","70112242","findbugs",
"3","EI_EXPOSE_REP","com/ibm/di/amc/configadm/EditConfigViewBean.java","699","com.ibm.di.amc.configadm.EditConfigViewBean.getPropertyListTableFilterCriteria() may expose internal representation by returning EditConfigViewBean.m_cfdPropertyListTable","http://findbugs.sourceforge.net/bugDescriptions.html#EI_EXPOSE_REP","1089859871","findbugs",
"3","EI_EXPOSE_REP","com/ibm/di/amc/configadm/EditConfigViewBean.java","737","com.ibm.di.amc.configadm.EditConfigViewBean.getPropertyListTableSelection() may expose internal representation by returning EditConfigViewBean.m_iPropertyListTableSelection","http://findbugs.sourceforge.net/bugDescriptions.html#EI_EXPOSE_REP","-197853341","findbugs",
"3","EI_EXPOSE_REP","com/ibm/di/amc/configadm/EditConfigViewBean.java","831","com.ibm.di.amc.configadm.EditConfigViewBean.getNoHealthALSelection() may expose internal representation by returning EditConfigViewBean.m_sNoHealthALSelection","http://findbugs.sourceforge.net/bugDescriptions.html#EI_EXPOSE_REP","-330316152","findbugs",
"3","EI_EXPOSE_REP","com/ibm/di/amc/configadm/EditConfigViewBean.java","866","com.ibm.di.amc.configadm.EditConfigViewBean.geteditHealthALIntervalUnitList() may expose internal representation by returning EditConfigViewBean.m_vdeditHealthALIntervalUnit","http://findbugs.sourceforge.net/bugDescriptions.html#EI_EXPOSE_REP","183424657","findbugs",
"3","EI_EXPOSE_REP","com/ibm/di/amc/configadm/LoadReloadBean.java","175","com.ibm.di.amc.configadm.LoadReloadBean.getServersList() may expose internal representation by returning LoadReloadBean.m_vdServers","http://findbugs.sourceforge.net/bugDescriptions.html#EI_EXPOSE_REP","194551163","findbugs",
"3","EI_EXPOSE_REP","com/ibm/di/amc/configadm/LoadReloadBean.java","293","com.ibm.di.amc.configadm.LoadReloadBean.getConfigTableSortCriteria() may expose internal representation by returning LoadReloadBean.m_csdConfigTable","http://findbugs.sourceforge.net/bugDescriptions.html#EI_EXPOSE_REP","-776295071","findbugs",
"3","EI_EXPOSE_REP","com/ibm/di/amc/configadm/LoadReloadBean.java","350","com.ibm.di.amc.configadm.LoadReloadBean.getConfigTableFilterCriteria() may expose internal representation by returning LoadReloadBean.m_cfdConfigTable","http://findbugs.sourceforge.net/bugDescriptions.html#EI_EXPOSE_REP","1500999758","findbugs",
"3","EI_EXPOSE_REP","com/ibm/di/amc/configadm/LoadReloadBean.java","388","com.ibm.di.amc.configadm.LoadReloadBean.getConfigTableSelection() may expose internal representation by returning LoadReloadBean.m_iConfigTableSelection","http://findbugs.sourceforge.net/bugDescriptions.html#EI_EXPOSE_REP","-379576556","findbugs",
"3","EI_EXPOSE_REP","com/ibm/di/amc/configadm/LoadReloadBean.java","533","com.ibm.di.amc.configadm.LoadReloadBean.getpasswordSelection() may expose internal representation by returning LoadReloadBean.m_spassword","http://findbugs.sourceforge.net/bugDescriptions.html#EI_EXPOSE_REP","-1230984721","findbugs",
"3","EI_EXPOSE_REP","com/ibm/di/amc/configadm/LoadReloadBean.java","563","com.ibm.di.amc.configadm.LoadReloadBean.getpasswordList() may expose internal representation by returning LoadReloadBean.m_idpassword","http://findbugs.sourceforge.net/bugDescriptions.html#EI_EXPOSE_REP","886954627","findbugs",
"3","EI_EXPOSE_REP","com/ibm/di/amc/configadm/LoadReloadBean.java","878","com.ibm.di.amc.configadm.LoadReloadBean.getM_idpassword() may expose internal representation by returning LoadReloadBean.m_idpassword","http://findbugs.sourceforge.net/bugDescriptions.html#EI_EXPOSE_REP","886954627","findbugs",
"3","EI_EXPOSE_REP","com/ibm/di/amc/configadm/LoadReloadPanel.java","148","com.ibm.di.amc.configadm.LoadReloadPanel.getApplicationParms() may expose internal representation by returning LoadReloadPanel.paramHashtable","http://findbugs.sourceforge.net/bugDescriptions.html#EI_EXPOSE_REP","-439376184","findbugs",
"3","EI_EXPOSE_REP","com/ibm/di/amc/configadm/LoadRunName.java","210","com.ibm.di.amc.configadm.LoadRunName.getRemoteConfigsList() may expose internal representation by returning LoadRunName.m_vdRemoteConfigs","http://findbugs.sourceforge.net/bugDescriptions.html#EI_EXPOSE_REP","1255786528","findbugs",
"3","EI_EXPOSE_REP","com/ibm/di/amc/configadm/LoadRunName.java","381","com.ibm.di.amc.configadm.LoadRunName.getRunPropStoresSelection() may expose internal representation by returning LoadRunName.m_iRunPropStoresSelection","http://findbugs.sourceforge.net/bugDescriptions.html#EI_EXPOSE_REP","-250360824","findbugs",
"3","EI_EXPOSE_REP","com/ibm/di/amc/configadm/LoadRunName.java","489","com.ibm.di.amc.configadm.LoadRunName.getPropertyStoreNewValueSelection() may expose internal representation by returning LoadRunName.m_sPropertyStoreNewValue","http://findbugs.sourceforge.net/bugDescriptions.html#EI_EXPOSE_REP","844445583","findbugs",
"3","EI_EXPOSE_REP","com/ibm/di/amc/configadm/LoadRunName.java","517","com.ibm.di.amc.configadm.LoadRunName.getPropertyStoreNewValueList() may expose internal representation by returning LoadRunName.m_idPropertyStoreNewValue","http://findbugs.sourceforge.net/bugDescriptions.html#EI_EXPOSE_REP","-1455515781","findbugs",
"3","EI_EXPOSE_REP","com/ibm/di/amc/configadm/ManageConfigViewACLBean.java","117","com.ibm.di.amc.configadm.ManageConfigViewACLBean.getConfigViewACLTableSortCriteria() may expose internal representation by returning ManageConfigViewACLBean.m_csdConfigViewACLTable","http://findbugs.sourceforge.net/bugDescriptions.html#EI_EXPOSE_REP","934505598","findbugs",
"3","EI_EXPOSE_REP","com/ibm/di/amc/configadm/ManageConfigViewACLBean.java","176","com.ibm.di.amc.configadm.ManageConfigViewACLBean.getConfigViewACLTableFilterCriteria() may expose internal representation by returning ManageConfigViewACLBean.m_cfdConfigViewACLTable","http://findbugs.sourceforge.net/bugDescriptions.html#EI_EXPOSE_REP","-1813056271","findbugs",
"3","EI_EXPOSE_REP","com/ibm/di/amc/configadm/ManageConfigViewACLBean.java","214","com.ibm.di.amc.configadm.ManageConfigViewACLBean.getConfigViewACLTableSelection() may expose internal representation by returning ManageConfigViewACLBean.m_iConfigViewACLTableSelection","http://findbugs.sourceforge.net/bugDescriptions.html#EI_EXPOSE_REP","-2086178847","findbugs",
"3","EI_EXPOSE_REP","com/ibm/di/amc/configadm/ManageConfigViewBean.java","195","com.ibm.di.amc.configadm.ManageConfigViewBean.getConfigViewsTableSortCriteria() may expose internal representation by returning ManageConfigViewBean.m_csdConfigViewsTable","http://findbugs.sourceforge.net/bugDescriptions.html#EI_EXPOSE_REP","583281543","findbugs",
"3","EI_EXPOSE_REP","com/ibm/di/amc/configadm/ManageConfigViewBean.java","254","com.ibm.di.amc.configadm.ManageConfigViewBean.getConfigViewsTableFilterCriteria() may expose internal representation by returning ManageConfigViewBean.m_cfdConfigViewsTable","http://findbugs.sourceforge.net/bugDescriptions.html#EI_EXPOSE_REP","-1323486022","findbugs",
"3","EI_EXPOSE_REP","com/ibm/di/amc/configadm/ManageConfigViewBean.java","292","com.ibm.di.amc.configadm.ManageConfigViewBean.getConfigViewsTableSelection() may expose internal representation by returning ManageConfigViewBean.m_iConfigViewsTableSelection","http://findbugs.sourceforge.net/bugDescriptions.html#EI_EXPOSE_REP","-1676991432","findbugs",
"3","EI_EXPOSE_REP","com/ibm/di/amc/configadm/ManageConfigViewsPanel.java","145","com.ibm.di.amc.configadm.ManageConfigViewsPanel.getApplicationParms() may expose internal representation by returning ManageConfigViewsPanel.paramHashtable","http://findbugs.sourceforge.net/bugDescriptions.html#EI_EXPOSE_REP","-439376184","findbugs",
"3","EI_EXPOSE_REP","com/ibm/di/amc/configadm/ManageLocalAMVarBean.java","132","com.ibm.di.amc.configadm.ManageLocalAMVarBean.getLocalAMTableSelection() may expose internal representation by returning ManageLocalAMVarBean.m_iLocalAMTableSelection","http://findbugs.sourceforge.net/bugDescriptions.html#EI_EXPOSE_REP","48373709","findbugs",
"3","EI_EXPOSE_REP","com/ibm/di/amc/configadm/QuickCreateBean.java","209","com.ibm.di.amc.configadm.QuickCreateBean.getTDIServersList() may expose internal representation by returning QuickCreateBean.m_vdTDIServers","http://findbugs.sourceforge.net/bugDescriptions.html#EI_EXPOSE_REP","-1712621324","findbugs",
"3","EI_EXPOSE_REP","com/ibm/di/amc/configadm/QuickCreateBean.java","297","com.ibm.di.amc.configadm.QuickCreateBean.getRunningConfigsList() may expose internal representation by returning QuickCreateBean.m_vdRunningConfigs","http://findbugs.sourceforge.net/bugDescriptions.html#EI_EXPOSE_REP","-2028083975","findbugs",
"3","EI_EXPOSE_REP","com/ibm/di/amc/configadm/QuickCreateBean.java","360","com.ibm.di.amc.configadm.QuickCreateBean.getQuickCreateGroupSelection() may expose internal representation by returning QuickCreateBean.m_sQuickCreateGroupSelection","http://findbugs.sourceforge.net/bugDescriptions.html#EI_EXPOSE_REP","-2059340138","findbugs",
"3","EI_EXPOSE_REP","com/ibm/di/amc/configadm/QuickCreateBean.java","510","com.ibm.di.amc.configadm.QuickCreateBean.getSimpleAdvancedGroupSelection() may expose internal representation by returning QuickCreateBean.m_sSimpleAdvancedGroupSelection","http://findbugs.sourceforge.net/bugDescriptions.html#EI_EXPOSE_REP","1273895113","findbugs",
"3","EI_EXPOSE_REP","com/ibm/di/amc/consoleadm/AMStatusBean.java","246","com.ibm.di.amc.consoleadm.AMStatusBean.getAMThreadStatsSelection() may expose internal representation by returning AMStatusBean.m_iAMThreadStatsSelection","http://findbugs.sourceforge.net/bugDescriptions.html#EI_EXPOSE_REP","1917912049","findbugs",
"3","EI_EXPOSE_REP","com/ibm/di/amc/consoleadm/AMStatusBean.java","441","com.ibm.di.amc.consoleadm.AMStatusBean.gettriggerDetailsSelection() may expose internal representation by returning AMStatusBean.m_itriggerDetailsSelection","http://findbugs.sourceforge.net/bugDescriptions.html#EI_EXPOSE_REP","-1291434400","findbugs",
"3","EI_EXPOSE_REP","com/ibm/di/amc/consoleadm/AddTDIServerBean.java","208","com.ibm.di.amc.consoleadm.AddTDIServerBean.getAuthenticationModeSelection() may expose internal representation by returning AddTDIServerBean.m_sAuthenticationModeSelection","http://findbugs.sourceforge.net/bugDescriptions.html#EI_EXPOSE_REP","1558415771","findbugs",
"3","EI_EXPOSE_REP","com/ibm/di/amc/consoleadm/EditTDIServerBean.java","262","com.ibm.di.amc.consoleadm.EditTDIServerBean.getAuthenticationModeSelection() may expose internal representation by returning EditTDIServerBean.m_sAuthenticationModeSelection","http://findbugs.sourceforge.net/bugDescriptions.html#EI_EXPOSE_REP","1558415771","findbugs",
"3","EI_EXPOSE_REP","com/ibm/di/amc/consoleadm/EditTDIServerPanel.java","183","com.ibm.di.amc.consoleadm.EditTDIServerPanel.getApplicationParms() may expose internal representation by returning EditTDIServerPanel.paramHashtable","http://findbugs.sourceforge.net/bugDescriptions.html#EI_EXPOSE_REP","-439376184","findbugs",
"3","EI_EXPOSE_REP","com/ibm/di/amc/consoleadm/ManageTDIServersPanel.java","146","com.ibm.di.amc.consoleadm.ManageTDIServersPanel.getApplicationParms() may expose internal representation by returning ManageTDIServersPanel.paramHashtable","http://findbugs.sourceforge.net/bugDescriptions.html#EI_EXPOSE_REP","-439376184","findbugs",
"3","EI_EXPOSE_REP","com/ibm/di/amc/consoleadm/ManageTDISrvBean.java","177","com.ibm.di.amc.consoleadm.ManageTDISrvBean.getTDIServersTableSortCriteria() may expose internal representation by returning ManageTDISrvBean.m_csdTDIServersTable","http://findbugs.sourceforge.net/bugDescriptions.html#EI_EXPOSE_REP","1501685942","findbugs",
"3","EI_EXPOSE_REP","com/ibm/di/amc/consoleadm/ManageTDISrvBean.java","235","com.ibm.di.amc.consoleadm.ManageTDISrvBean.getTDIServersTableFilterCriteria() may expose internal representation by returning ManageTDISrvBean.m_cfdTDIServersTable","http://findbugs.sourceforge.net/bugDescriptions.html#EI_EXPOSE_REP","1578724643","findbugs",
"3","EI_EXPOSE_REP","com/ibm/di/amc/consoleadm/ManageTDISrvBean.java","273","com.ibm.di.amc.consoleadm.ManageTDISrvBean.getTDIServersTableSelection() may expose internal representation by returning ManageTDISrvBean.m_iTDIServersTableSelection","http://findbugs.sourceforge.net/bugDescriptions.html#EI_EXPOSE_REP","-1058978337","findbugs",
"3","EI_EXPOSE_REP","com/ibm/di/amc/consoleadm/WebAdminPropertiesBean.java","472","com.ibm.di.amc.consoleadm.WebAdminPropertiesBean.getdbtypeList() may expose internal representation by returning WebAdminPropertiesBean.m_vddbtype","http://findbugs.sourceforge.net/bugDescriptions.html#EI_EXPOSE_REP","-91761709","findbugs",
"3","EI_EXPOSE_REP","com/ibm/di/amc/consoleadm/WebAdminPropertiesPanel.java","158","com.ibm.di.amc.consoleadm.WebAdminPropertiesPanel.getApplicationParms() may expose internal representation by returning WebAdminPropertiesPanel.paramHashtable","http://findbugs.sourceforge.net/bugDescriptions.html#EI_EXPOSE_REP","-439376184","findbugs",
"3","EI_EXPOSE_REP","com/ibm/di/amc/log/LogFileCleanupBean.java","215","com.ibm.di.amc.log.LogFileCleanupBean.getConfigViewsList() may expose internal representation by returning LogFileCleanupBean.m_vdConfigViews","http://findbugs.sourceforge.net/bugDescriptions.html#EI_EXPOSE_REP","-1777670593","findbugs",
"3","EI_EXPOSE_REP","com/ibm/di/amc/log/LogFileCleanupBean.java","263","com.ibm.di.amc.log.LogFileCleanupBean.getComponentTypeSelection() may expose internal representation by returning LogFileCleanupBean.m_sComponentTypeSelection","http://findbugs.sourceforge.net/bugDescriptions.html#EI_EXPOSE_REP","965799925","findbugs",
"3","EI_EXPOSE_REP","com/ibm/di/amc/log/LogFileCleanupBean.java","273","com.ibm.di.amc.log.LogFileCleanupBean.getAssemblyLinesList() may expose internal representation by returning LogFileCleanupBean.m_vdAssemblyLines","http://findbugs.sourceforge.net/bugDescriptions.html#EI_EXPOSE_REP","-1024753806","findbugs",
"3","EI_EXPOSE_REP","com/ibm/di/amc/log/LogFileCleanupBean.java","322","com.ibm.di.amc.log.LogFileCleanupBean.getDeleteCriteriaSelection() may expose internal representation by returning LogFileCleanupBean.m_sDeleteCriteriaSelection","http://findbugs.sourceforge.net/bugDescriptions.html#EI_EXPOSE_REP","1587451210","findbugs",
"3","EI_EXPOSE_REP","com/ibm/di/amc/log/LogFileCleanupBean.java","394","com.ibm.di.amc.log.LogFileCleanupBean.getLogFileListingTableSelection() may expose internal representation by returning LogFileCleanupBean.m_iLogFileListingTableSelection","http://findbugs.sourceforge.net/bugDescriptions.html#EI_EXPOSE_REP","-1549327982","findbugs",
"3","EI_EXPOSE_REP","com/ibm/di/amc/log/LogFileCleanupBean.java","480","com.ibm.di.amc.log.LogFileCleanupBean.getLogFileListingTableRowStructure() may expose internal representation by returning LogFileCleanupBean.m_cdLogFileListingTableStructure","http://findbugs.sourceforge.net/bugDescriptions.html#EI_EXPOSE_REP","-1898511409","findbugs",
"3","EI_EXPOSE_REP","com/ibm/di/amc/log/LogFileCleanupPanel.java","178","com.ibm.di.amc.log.LogFileCleanupPanel.getApplicationParms() may expose internal representation by returning LogFileCleanupPanel.paramHashtable","http://findbugs.sourceforge.net/bugDescriptions.html#EI_EXPOSE_REP","-439376184","findbugs",
"3","EI_EXPOSE_REP","com/ibm/di/amc/log/ViewLogFileBean.java","115","com.ibm.di.amc.log.ViewLogFileBean.getLogFileSortCriteria() may expose internal representation by returning ViewLogFileBean.m_csdLogFile","http://findbugs.sourceforge.net/bugDescriptions.html#EI_EXPOSE_REP","-1537670227","findbugs",
"3","EI_EXPOSE_REP","com/ibm/di/amc/log/ViewLogFileBean.java","172","com.ibm.di.amc.log.ViewLogFileBean.getLogFileFilterCriteria() may expose internal representation by returning ViewLogFileBean.m_cfdLogFile","http://findbugs.sourceforge.net/bugDescriptions.html#EI_EXPOSE_REP","1017005338","findbugs",
"3","EI_EXPOSE_REP","com/ibm/di/amc/log/ViewLogFileBean.java","209","com.ibm.di.amc.log.ViewLogFileBean.getLogFileSelection() may expose internal representation by returning ViewLogFileBean.m_iLogFileSelection","http://findbugs.sourceforge.net/bugDescriptions.html#EI_EXPOSE_REP","-541103160","findbugs",
"3","EI_EXPOSE_REP","com/ibm/di/amc/opstatus/ALOperationInputParametersBean.java","118","com.ibm.di.amc.opstatus.ALOperationInputParametersBean.getInitAttrTableSelection() may expose internal representation by returning ALOperationInputParametersBean.m_iInitAttrTableSelection","http://findbugs.sourceforge.net/bugDescriptions.html#EI_EXPOSE_REP","-1684292843","findbugs",
"3","EI_EXPOSE_REP","com/ibm/di/amc/opstatus/ALOperationInputParametersBean.java","220","com.ibm.di.amc.opstatus.ALOperationInputParametersBean.getOperationAttrTableSelection() may expose internal representation by returning ALOperationInputParametersBean.m_iOperationAttrTableSelection","http://findbugs.sourceforge.net/bugDescriptions.html#EI_EXPOSE_REP","744085836","findbugs",
"3","EI_EXPOSE_REP","com/ibm/di/amc/opstatus/AMConfigBean.java","173","com.ibm.di.amc.opstatus.AMConfigBean.getConfigViewsList() may expose internal representation by returning AMConfigBean.m_vdConfigViews","http://findbugs.sourceforge.net/bugDescriptions.html#EI_EXPOSE_REP","-1777670593","findbugs",
"3","EI_EXPOSE_REP","com/ibm/di/amc/opstatus/AMConfigBean.java","224","com.ibm.di.amc.opstatus.AMConfigBean.getAMRuleTableSortCriteria() may expose internal representation by returning AMConfigBean.m_csdAMRuleTable","http://findbugs.sourceforge.net/bugDescriptions.html#EI_EXPOSE_REP","-1043802425","findbugs",
"3","EI_EXPOSE_REP","com/ibm/di/amc/opstatus/AMConfigBean.java","281","com.ibm.di.amc.opstatus.AMConfigBean.getAMRuleTableFilterCriteria() may expose internal representation by returning AMConfigBean.m_cfdAMRuleTable","http://findbugs.sourceforge.net/bugDescriptions.html#EI_EXPOSE_REP","1233492404","findbugs",
"3","EI_EXPOSE_REP","com/ibm/di/amc/opstatus/AMConfigBean.java","319","com.ibm.di.amc.opstatus.AMConfigBean.getAMRuleTableSelection() may expose internal representation by returning AMConfigBean.m_iAMRuleTableSelection","http://findbugs.sourceforge.net/bugDescriptions.html#EI_EXPOSE_REP","1098066030","findbugs",
"3","EI_EXPOSE_REP","com/ibm/di/amc/opstatus/AMConfigPanelLauncher.java","147","com.ibm.di.amc.opstatus.AMConfigPanelLauncher.getApplicationParms() may expose internal representation by returning AMConfigPanelLauncher.paramHashtable","http://findbugs.sourceforge.net/bugDescriptions.html#EI_EXPOSE_REP","-439376184","findbugs",
"3","EI_EXPOSE_REP","com/ibm/di/amc/opstatus/AMRunDetailHolder.java","57","com.ibm.di.amc.opstatus.AMRunDetailHolder.getTime() may expose internal representation by returning AMRunDetailHolder.m_time","http://findbugs.sourceforge.net/bugDescriptions.html#EI_EXPOSE_REP","-529314356","findbugs",
"3","EI_EXPOSE_REP","com/ibm/di/amc/opstatus/AMStatusHolder.java","53","com.ibm.di.amc.opstatus.AMStatusHolder.getLastTriggeredTime() may expose internal representation by returning AMStatusHolder.m_LastTriggered","http://findbugs.sourceforge.net/bugDescriptions.html#EI_EXPOSE_REP","1450482972","findbugs",
"3","EI_EXPOSE_REP","com/ibm/di/amc/opstatus/AddAMRuleBean.java","1090","com.ibm.di.amc.opstatus.AddAMRuleBean.getALStartNameList() may expose internal representation by returning AddAMRuleBean.m_vdALStartName","http://findbugs.sourceforge.net/bugDescriptions.html#EI_EXPOSE_REP","-1141873911","findbugs",
"3","EI_EXPOSE_REP","com/ibm/di/amc/opstatus/AddAMRuleBean.java","1124","com.ibm.di.amc.opstatus.AddAMRuleBean.getLocalAMVarList() may expose internal representation by returning AddAMRuleBean.m_vdLocalAMVar","http://findbugs.sourceforge.net/bugDescriptions.html#EI_EXPOSE_REP","-725290853","findbugs",
"3","EI_EXPOSE_REP","com/ibm/di/amc/opstatus/AddAMRuleBean.java","1198","com.ibm.di.amc.opstatus.AddAMRuleBean.getActionsTableSelection() may expose internal representation by returning AddAMRuleBean.m_iActionsTableSelection","http://findbugs.sourceforge.net/bugDescriptions.html#EI_EXPOSE_REP","1782742759","findbugs",
"3","EI_EXPOSE_REP","com/ibm/di/amc/opstatus/AddAMRuleBean.java","1299","com.ibm.di.amc.opstatus.AddAMRuleBean.getExecuteOnErrorSelection() may expose internal representation by returning AddAMRuleBean.m_sExecuteOnError","http://findbugs.sourceforge.net/bugDescriptions.html#EI_EXPOSE_REP","-532122090","findbugs",
"3","EI_EXPOSE_REP","com/ibm/di/amc/opstatus/AddAMRuleBean.java","1337","com.ibm.di.amc.opstatus.AddAMRuleBean.getExecuteOnErrorList() may expose internal representation by returning AddAMRuleBean.m_idExecuteOnError","http://findbugs.sourceforge.net/bugDescriptions.html#EI_EXPOSE_REP","-1124341846","findbugs",
"3","EI_EXPOSE_REP","com/ibm/di/amc/opstatus/AddAMRuleBean.java","478","com.ibm.di.amc.opstatus.AddAMRuleBean.getALNameList() may expose internal representation by returning AddAMRuleBean.m_vdALName","http://findbugs.sourceforge.net/bugDescriptions.html#EI_EXPOSE_REP","-1755272459","findbugs",
"3","EI_EXPOSE_REP","com/ibm/di/amc/opstatus/AddAMRuleBean.java","895","com.ibm.di.amc.opstatus.AddAMRuleBean.getPropertyNameList() may expose internal representation by returning AddAMRuleBean.m_vdPropertyName","http://findbugs.sourceforge.net/bugDescriptions.html#EI_EXPOSE_REP","-244923541","findbugs",
"3","EI_EXPOSE_REP","com/ibm/di/amc/opstatus/ConfigViewDetailsBean.java","225","com.ibm.di.amc.opstatus.ConfigViewDetailsBean.getALTableSortCriteria() may expose internal representation by returning ConfigViewDetailsBean.m_csdALTable","http://findbugs.sourceforge.net/bugDescriptions.html#EI_EXPOSE_REP","-750832534","findbugs",
"3","EI_EXPOSE_REP","com/ibm/di/amc/opstatus/ConfigViewDetailsBean.java","281","com.ibm.di.amc.opstatus.ConfigViewDetailsBean.getALTableFilterCriteria() may expose internal representation by returning ConfigViewDetailsBean.m_cfdALTable","http://findbugs.sourceforge.net/bugDescriptions.html#EI_EXPOSE_REP","1803843031","findbugs",
"3","EI_EXPOSE_REP","com/ibm/di/amc/opstatus/ConfigViewDetailsBean.java","319","com.ibm.di.amc.opstatus.ConfigViewDetailsBean.getALTableSelection() may expose internal representation by returning ConfigViewDetailsBean.m_iALTableSelection","http://findbugs.sourceforge.net/bugDescriptions.html#EI_EXPOSE_REP","856145835","findbugs",
"3","EI_EXPOSE_REP","com/ibm/di/amc/opstatus/ConfigViewDetailsBean.java","706","com.ibm.di.amc.opstatus.ConfigViewDetailsBean.getAMResultsTableSortCriteria() may expose internal representation by returning ConfigViewDetailsBean.m_csdAMResultsTable","http://findbugs.sourceforge.net/bugDescriptions.html#EI_EXPOSE_REP","-1125590395","findbugs",
"3","EI_EXPOSE_REP","com/ibm/di/amc/opstatus/ConfigViewDetailsBean.java","763","com.ibm.di.amc.opstatus.ConfigViewDetailsBean.getAMResultsTableFilterCriteria() may expose internal representation by returning ConfigViewDetailsBean.m_cfdAMResultsTable","http://findbugs.sourceforge.net/bugDescriptions.html#EI_EXPOSE_REP","-1538747272","findbugs",
"3","EI_EXPOSE_REP","com/ibm/di/amc/opstatus/ConfigViewDetailsBean.java","804","com.ibm.di.amc.opstatus.ConfigViewDetailsBean.getAMResultsTableSelection() may expose internal representation by returning ConfigViewDetailsBean.m_iAMResultsTableSelection","http://findbugs.sourceforge.net/bugDescriptions.html#EI_EXPOSE_REP","1098275898","findbugs",
"3","EI_EXPOSE_REP","com/ibm/di/amc/opstatus/ConfigViewDetailsBean.java","900","com.ibm.di.amc.opstatus.ConfigViewDetailsBean.getHealthALSelection() may expose internal representation by returning ConfigViewDetailsBean.m_iHealthALSelection","http://findbugs.sourceforge.net/bugDescriptions.html#EI_EXPOSE_REP","-1456768611","findbugs",
"3","EI_EXPOSE_REP","com/ibm/di/amc/opstatus/CopyPropertyValueBean.java","156","com.ibm.di.amc.opstatus.CopyPropertyValueBean.getFromPropertyList() may expose internal representation by returning CopyPropertyValueBean.m_vdFromProperty","http://findbugs.sourceforge.net/bugDescriptions.html#EI_EXPOSE_REP","-2092940884","findbugs",
"3","EI_EXPOSE_REP","com/ibm/di/amc/opstatus/CopyPropertyValueBean.java","190","com.ibm.di.amc.opstatus.CopyPropertyValueBean.getToPropertyList() may expose internal representation by returning CopyPropertyValueBean.m_vdToProperty","http://findbugs.sourceforge.net/bugDescriptions.html#EI_EXPOSE_REP","1359999483","findbugs",
"3","EI_EXPOSE_REP","com/ibm/di/amc/opstatus/DeleteALTombstonesBean.java","139","com.ibm.di.amc.opstatus.DeleteALTombstonesBean.getDeleteCriteriaSelection() may expose internal representation by returning DeleteALTombstonesBean.m_sDeleteCriteriaSelection","http://findbugs.sourceforge.net/bugDescriptions.html#EI_EXPOSE_REP","1587451210","findbugs",
"3","EI_EXPOSE_REP","com/ibm/di/amc/opstatus/EnableDisableRuleBean.java","162","com.ibm.di.amc.opstatus.EnableDisableRuleBean.getRuleNameList() may expose internal representation by returning EnableDisableRuleBean.m_vdRuleName","http://findbugs.sourceforge.net/bugDescriptions.html#EI_EXPOSE_REP","-174734684","findbugs",
"3","EI_EXPOSE_REP","com/ibm/di/amc/opstatus/EnableDisableRuleBean.java","279","com.ibm.di.amc.opstatus.EnableDisableRuleBean.getStateNameList() may expose internal representation by returning EnableDisableRuleBean.m_vdStateName","http://findbugs.sourceforge.net/bugDescriptions.html#EI_EXPOSE_REP","-433682993","findbugs",
"3","EI_EXPOSE_REP","com/ibm/di/amc/opstatus/ExecuteAMRuleBean.java","100","com.ibm.di.amc.opstatus.ExecuteAMRuleBean.getRuleNameList() may expose internal representation by returning ExecuteAMRuleBean.m_vdRuleName","http://findbugs.sourceforge.net/bugDescriptions.html#EI_EXPOSE_REP","-174734684","findbugs",
"3","EI_EXPOSE_REP","com/ibm/di/amc/opstatus/ExecuteCommandBean.java","239","com.ibm.di.amc.opstatus.ExecuteCommandBean.getprotocolList() may expose internal representation by returning ExecuteCommandBean.m_vdprotocol","http://findbugs.sourceforge.net/bugDescriptions.html#EI_EXPOSE_REP","-669738509","findbugs",
"3","EI_EXPOSE_REP","com/ibm/di/amc/opstatus/FOSConfigBean.java","69","com.ibm.di.amc.opstatus.FOSConfigBean.getTableConfSelection() may expose internal representation by returning FOSConfigBean.m_iTableConfSelection","http://findbugs.sourceforge.net/bugDescriptions.html#EI_EXPOSE_REP","1297567802","findbugs",
"3","EI_EXPOSE_REP","com/ibm/di/amc/opstatus/FOSConfigPanel.java","154","com.ibm.di.amc.opstatus.FOSConfigPanel.getApplicationParms() may expose internal representation by returning FOSConfigPanel.paramHashtable","http://findbugs.sourceforge.net/bugDescriptions.html#EI_EXPOSE_REP","-439376184","findbugs",
"3","EI_EXPOSE_REP","com/ibm/di/amc/opstatus/LogFileViewBean.java","123","com.ibm.di.amc.opstatus.LogFileViewBean.getLogFileTableSortCriteria() may expose internal representation by returning LogFileViewBean.m_csdLogFileTable","http://findbugs.sourceforge.net/bugDescriptions.html#EI_EXPOSE_REP","-1590329829","findbugs",
"3","EI_EXPOSE_REP","com/ibm/di/amc/opstatus/LogFileViewBean.java","181","com.ibm.di.amc.opstatus.LogFileViewBean.getLogFileTableFilterCriteria() may expose internal representation by returning LogFileViewBean.m_cfdLogFileTable","http://findbugs.sourceforge.net/bugDescriptions.html#EI_EXPOSE_REP","286333134","findbugs",
"3","EI_EXPOSE_REP","com/ibm/di/amc/opstatus/LogFileViewBean.java","219","com.ibm.di.amc.opstatus.LogFileViewBean.getLogFileTableSelection() may expose internal representation by returning LogFileViewBean.m_iLogFileTableSelection","http://findbugs.sourceforge.net/bugDescriptions.html#EI_EXPOSE_REP","1425054372","findbugs",
"3","EI_EXPOSE_REP","com/ibm/di/amc/opstatus/LogFileViewContentsBean.java","141","com.ibm.di.amc.opstatus.LogFileViewContentsBean.getLogFileListingFilterCriteria() may expose internal representation by returning LogFileViewContentsBean.m_cfdLogFileListing","http://findbugs.sourceforge.net/bugDescriptions.html#EI_EXPOSE_REP","-1764995944","findbugs",
"3","EI_EXPOSE_REP","com/ibm/di/amc/opstatus/LogFileViewContentsBean.java","168","com.ibm.di.amc.opstatus.LogFileViewContentsBean.getLogFileListingSelection() may expose internal representation by returning LogFileViewContentsBean.m_iLogFileListingSelection","http://findbugs.sourceforge.net/bugDescriptions.html#EI_EXPOSE_REP","-993015782","findbugs",
"3","EI_EXPOSE_REP","com/ibm/di/amc/opstatus/LogFileViewContentsBean.java","99","com.ibm.di.amc.opstatus.LogFileViewContentsBean.getLogFileListingSortCriteria() may expose internal representation by returning LogFileViewContentsBean.m_csdLogFileListing","http://findbugs.sourceforge.net/bugDescriptions.html#EI_EXPOSE_REP","-1351839067","findbugs",
"3","EI_EXPOSE_REP","com/ibm/di/amc/opstatus/ModifyLocalAMVariables.java","129","com.ibm.di.amc.opstatus.ModifyLocalAMVariables.getAMVarNameList() may expose internal representation by returning ModifyLocalAMVariables.m_vdAMVarName","http://findbugs.sourceforge.net/bugDescriptions.html#EI_EXPOSE_REP","-721726171","findbugs",
"3","EI_EXPOSE_REP","com/ibm/di/amc/opstatus/ModifyLocalAMVariables.java","187","com.ibm.di.amc.opstatus.ModifyLocalAMVariables.getOperationList() may expose internal representation by returning ModifyLocalAMVariables.m_vdOperation","http://findbugs.sourceforge.net/bugDescriptions.html#EI_EXPOSE_REP","-185661308","findbugs",
"3","EI_EXPOSE_REP","com/ibm/di/amc/opstatus/ModifyPropertyBean.java","176","com.ibm.di.amc.opstatus.ModifyPropertyBean.getPropertyNameList() may expose internal representation by returning ModifyPropertyBean.m_vdPropertyName","http://findbugs.sourceforge.net/bugDescriptions.html#EI_EXPOSE_REP","-244923541","findbugs",
"3","EI_EXPOSE_REP","com/ibm/di/amc/opstatus/ModifyPropertyBean.java","210","com.ibm.di.amc.opstatus.ModifyPropertyBean.getOperationList() may expose internal representation by returning ModifyPropertyBean.m_vdOperation","http://findbugs.sourceforge.net/bugDescriptions.html#EI_EXPOSE_REP","-185661308","findbugs",
"3","EI_EXPOSE_REP","com/ibm/di/amc/opstatus/SelectALOperationBean.java","95","com.ibm.di.amc.opstatus.SelectALOperationBean.getAvailableOperationsList() may expose internal representation by returning SelectALOperationBean.m_vdAvailableOperations","http://findbugs.sourceforge.net/bugDescriptions.html#EI_EXPOSE_REP","-483899370","findbugs",
"3","EI_EXPOSE_REP","com/ibm/di/amc/opstatus/SelectActionTypeBean.java","137","com.ibm.di.amc.opstatus.SelectActionTypeBean.getListOfActionTypesList() may expose internal representation by returning SelectActionTypeBean.m_vdListOfActionTypes","http://findbugs.sourceforge.net/bugDescriptions.html#EI_EXPOSE_REP","1385359677","findbugs",
"3","EI_EXPOSE_REP","com/ibm/di/amc/opstatus/StartALSynchronouslyBean.java","196","com.ibm.di.amc.opstatus.StartALSynchronouslyBean.getEntryTableSortCriteria() may expose internal representation by returning StartALSynchronouslyBean.m_csdEntryTable","http://findbugs.sourceforge.net/bugDescriptions.html#EI_EXPOSE_REP","-744478291","findbugs",
"3","EI_EXPOSE_REP","com/ibm/di/amc/opstatus/StartALSynchronouslyBean.java","254","com.ibm.di.amc.opstatus.StartALSynchronouslyBean.getEntryTableFilterCriteria() may expose internal representation by returning StartALSynchronouslyBean.m_cfdEntryTable","http://findbugs.sourceforge.net/bugDescriptions.html#EI_EXPOSE_REP","-1225206496","findbugs",
"3","EI_EXPOSE_REP","com/ibm/di/amc/opstatus/StartALSynchronouslyBean.java","292","com.ibm.di.amc.opstatus.StartALSynchronouslyBean.getEntryTableSelection() may expose internal representation by returning StartALSynchronouslyBean.m_iEntryTableSelection","http://findbugs.sourceforge.net/bugDescriptions.html#EI_EXPOSE_REP","-1855103854","findbugs",
"3","EI_EXPOSE_REP","com/ibm/di/amc/opstatus/StartALSynchronouslyBean.java","383","com.ibm.di.amc.opstatus.StartALSynchronouslyBean.getEntryTableRowStructure() may expose internal representation by returning StartALSynchronouslyBean.m_cdEntryTableStructure","http://findbugs.sourceforge.net/bugDescriptions.html#EI_EXPOSE_REP","1095745479","findbugs",
"3","EI_EXPOSE_REP","com/ibm/di/amc/opstatus/StartAssemblyLineBean.java","193","com.ibm.di.amc.opstatus.StartAssemblyLineBean.getServerNameList() may expose internal representation by returning StartAssemblyLineBean.m_vdServerName","http://findbugs.sourceforge.net/bugDescriptions.html#EI_EXPOSE_REP","1929884349","findbugs",
"3","EI_EXPOSE_REP","com/ibm/di/amc/opstatus/StartAssemblyLineBean.java","387","com.ibm.di.amc.opstatus.StartAssemblyLineBean.getConfigName_ListBoxList() may expose internal representation by returning StartAssemblyLineBean.m_vdConfigName_ListBox","http://findbugs.sourceforge.net/bugDescriptions.html#EI_EXPOSE_REP","-544216592","findbugs",
"3","EI_EXPOSE_REP","com/ibm/di/amc/opstatus/StopAssemblyLineBean.java","152","com.ibm.di.amc.opstatus.StopAssemblyLineBean.getServerListList() may expose internal representation by returning StopAssemblyLineBean.m_vdServerList","http://findbugs.sourceforge.net/bugDescriptions.html#EI_EXPOSE_REP","1928281866","findbugs",
"3","EI_EXPOSE_REP","com/ibm/di/amc/opstatus/StopAssemblyLineBean.java","229","com.ibm.di.amc.opstatus.StopAssemblyLineBean.getConfigName_ListList() may expose internal representation by returning StopAssemblyLineBean.m_vdConfigName_List","http://findbugs.sourceforge.net/bugDescriptions.html#EI_EXPOSE_REP","1326057019","findbugs",
"3","EI_EXPOSE_REP","com/ibm/di/amc/opstatus/TombstoneInfoBean.java","135","com.ibm.di.amc.opstatus.TombstoneInfoBean.getTombstoneTableSortCriteria() may expose internal representation by returning TombstoneInfoBean.m_csdTombstoneTable","http://findbugs.sourceforge.net/bugDescriptions.html#EI_EXPOSE_REP","-318188272","findbugs",
"3","EI_EXPOSE_REP","com/ibm/di/amc/opstatus/TombstoneInfoBean.java","201","com.ibm.di.amc.opstatus.TombstoneInfoBean.getTombstoneTableFilterCriteria() may expose internal representation by returning TombstoneInfoBean.m_cfdTombstoneTable","http://findbugs.sourceforge.net/bugDescriptions.html#EI_EXPOSE_REP","-731345149","findbugs",
"3","EI_EXPOSE_REP","com/ibm/di/amc/opstatus/TombstoneInfoBean.java","239","com.ibm.di.amc.opstatus.TombstoneInfoBean.getTombstoneTableSelection() may expose internal representation by returning TombstoneInfoBean.m_iTombstoneTableSelection","http://findbugs.sourceforge.net/bugDescriptions.html#EI_EXPOSE_REP","546311695","findbugs",
"3","EI_EXPOSE_REP","com/ibm/di/amc/opstatus/ViewCurrentConfigurationBean.java","105","com.ibm.di.amc.opstatus.ViewCurrentConfigurationBean.getRuleTableSortCriteria() may expose internal representation by returning ViewCurrentConfigurationBean.m_csdRuleTable","http://findbugs.sourceforge.net/bugDescriptions.html#EI_EXPOSE_REP","1884273179","findbugs",
"3","EI_EXPOSE_REP","com/ibm/di/amc/opstatus/ViewCurrentConfigurationBean.java","162","com.ibm.di.amc.opstatus.ViewCurrentConfigurationBean.getRuleTableFilterCriteria() may expose internal representation by returning ViewCurrentConfigurationBean.m_cfdRuleTable","http://findbugs.sourceforge.net/bugDescriptions.html#EI_EXPOSE_REP","206197832","findbugs",
"3","EI_EXPOSE_REP","com/ibm/di/amc/opstatus/ViewCurrentConfigurationBean.java","200","com.ibm.di.amc.opstatus.ViewCurrentConfigurationBean.getRuleTableSelection() may expose internal representation by returning ViewCurrentConfigurationBean.m_iRuleTableSelection","http://findbugs.sourceforge.net/bugDescriptions.html#EI_EXPOSE_REP","-930475430","findbugs",
"3","EI_EXPOSE_REP","com/ibm/di/amc/opstatus/ViewMonitorBean.java","199","com.ibm.di.amc.opstatus.ViewMonitorBean.getConfigViewStatusTableSortCriteria() may expose internal representation by returning ViewMonitorBean.m_csdConfigViewStatusTable","http://findbugs.sourceforge.net/bugDescriptions.html#EI_EXPOSE_REP","224295480","findbugs",
"3","EI_EXPOSE_REP","com/ibm/di/amc/opstatus/ViewMonitorBean.java","258","com.ibm.di.amc.opstatus.ViewMonitorBean.getConfigViewStatusTableFilterCriteria() may expose internal representation by returning ViewMonitorBean.m_cfdConfigViewStatusTable","http://findbugs.sourceforge.net/bugDescriptions.html#EI_EXPOSE_REP","1095383269","findbugs",
"3","EI_EXPOSE_REP","com/ibm/di/amc/opstatus/ViewMonitorBean.java","296","com.ibm.di.amc.opstatus.ViewMonitorBean.getConfigViewStatusTableSelection() may expose internal representation by returning ViewMonitorBean.m_iConfigViewStatusTableSelection","http://findbugs.sourceforge.net/bugDescriptions.html#EI_EXPOSE_REP","-1448633763","findbugs",
"3","EI_EXPOSE_REP","com/ibm/di/amc/opstatus/ViewMonitorPanel.java","166","com.ibm.di.amc.opstatus.ViewMonitorPanel.getApplicationParms() may expose internal representation by returning ViewMonitorPanel.paramHashtable","http://findbugs.sourceforge.net/bugDescriptions.html#EI_EXPOSE_REP","-439376184","findbugs",
"3","EI_EXPOSE_REP","com/ibm/di/amc/opstatus/WriteLogBean.java","146","com.ibm.di.amc.opstatus.WriteLogBean.getSeverityList() may expose internal representation by returning WriteLogBean.m_vdSeverity","http://findbugs.sourceforge.net/bugDescriptions.html#EI_EXPOSE_REP","516211214","findbugs",
"3","EI_EXPOSE_REP","com/ibm/di/amc/propstore/AddGlobalPropPanel.java","200","com.ibm.di.amc.propstore.AddGlobalPropPanel.getApplicationParms() may expose internal representation by returning AddGlobalPropPanel.paramHashtable","http://findbugs.sourceforge.net/bugDescriptions.html#EI_EXPOSE_REP","-439376184","findbugs",
"3","EI_EXPOSE_REP","com/ibm/di/amc/propstore/EditGlobalPropPanel.java","193","com.ibm.di.amc.propstore.EditGlobalPropPanel.getApplicationParms() may expose internal representation by returning EditGlobalPropPanel.paramHashtable","http://findbugs.sourceforge.net/bugDescriptions.html#EI_EXPOSE_REP","-439376184","findbugs",
"3","EI_EXPOSE_REP","com/ibm/di/amc/propstore/ManageGlobalPropBean.java","108","com.ibm.di.amc.propstore.ManageGlobalPropBean.getPropertyListTableSortCriteria() may expose internal representation by returning ManageGlobalPropBean.m_csdPropertyListTable","http://findbugs.sourceforge.net/bugDescriptions.html#EI_EXPOSE_REP","70112242","findbugs",
"3","EI_EXPOSE_REP","com/ibm/di/amc/propstore/ManageGlobalPropBean.java","167","com.ibm.di.amc.propstore.ManageGlobalPropBean.getPropertyListTableFilterCriteria() may expose internal representation by returning ManageGlobalPropBean.m_cfdPropertyListTable","http://findbugs.sourceforge.net/bugDescriptions.html#EI_EXPOSE_REP","1089859871","findbugs",
"3","EI_EXPOSE_REP","com/ibm/di/amc/propstore/ManageGlobalPropBean.java","205","com.ibm.di.amc.propstore.ManageGlobalPropBean.getPropertyListTableSelection() may expose internal representation by returning ManageGlobalPropBean.m_iPropertyListTableSelection","http://findbugs.sourceforge.net/bugDescriptions.html#EI_EXPOSE_REP","-197853341","findbugs",
"3","EI_EXPOSE_REP","com/ibm/di/amc/propstore/ManageJavaPropBean.java","109","com.ibm.di.amc.propstore.ManageJavaPropBean.getPropertyListSortCriteria() may expose internal representation by returning ManageJavaPropBean.m_csdPropertyList","http://findbugs.sourceforge.net/bugDescriptions.html#EI_EXPOSE_REP","-1556470922","findbugs",
"3","EI_EXPOSE_REP","com/ibm/di/amc/propstore/ManageJavaPropBean.java","166","com.ibm.di.amc.propstore.ManageJavaPropBean.getPropertyListFilterCriteria() may expose internal representation by returning ManageJavaPropBean.m_cfdPropertyList","http://findbugs.sourceforge.net/bugDescriptions.html#EI_EXPOSE_REP","320192041","findbugs",
"3","EI_EXPOSE_REP","com/ibm/di/amc/propstore/ManageJavaPropBean.java","204","com.ibm.di.amc.propstore.ManageJavaPropBean.getPropertyListSelection() may expose internal representation by returning ManageJavaPropBean.m_iPropertyListSelection","http://findbugs.sourceforge.net/bugDescriptions.html#EI_EXPOSE_REP","-2089759831","findbugs",
"3","EI_EXPOSE_REP","com/ibm/di/amc/propstore/ManagePasswordPropBean.java","109","com.ibm.di.amc.propstore.ManagePasswordPropBean.getPropertyListSortCriteria() may expose internal representation by returning ManagePasswordPropBean.m_csdPropertyList","http://findbugs.sourceforge.net/bugDescriptions.html#EI_EXPOSE_REP","-1556470922","findbugs",
"3","EI_EXPOSE_REP","com/ibm/di/amc/propstore/ManagePasswordPropBean.java","166","com.ibm.di.amc.propstore.ManagePasswordPropBean.getPropertyListFilterCriteria() may expose internal representation by returning ManagePasswordPropBean.m_cfdPropertyList","http://findbugs.sourceforge.net/bugDescriptions.html#EI_EXPOSE_REP","320192041","findbugs",
"3","EI_EXPOSE_REP","com/ibm/di/amc/propstore/ManagePasswordPropBean.java","204","com.ibm.di.amc.propstore.ManagePasswordPropBean.getPropertyListSelection() may expose internal representation by returning ManagePasswordPropBean.m_iPropertyListSelection","http://findbugs.sourceforge.net/bugDescriptions.html#EI_EXPOSE_REP","-2089759831","findbugs",
"3","EI_EXPOSE_REP","com/ibm/di/amc/propstore/ManagePropertiesBean.java","144","com.ibm.di.amc.propstore.ManagePropertiesBean.getSelectConfigViewList() may expose internal representation by returning ManagePropertiesBean.m_vdSelectConfigView","http://findbugs.sourceforge.net/bugDescriptions.html#EI_EXPOSE_REP","886530728","findbugs",
"3","EI_EXPOSE_REP","com/ibm/di/amc/propstore/ManagePropertiesBean.java","238","com.ibm.di.amc.propstore.ManagePropertiesBean.getSelectPropertyStoreList() may expose internal representation by returning ManagePropertiesBean.m_vdSelectPropertyStore","http://findbugs.sourceforge.net/bugDescriptions.html#EI_EXPOSE_REP","987266715","findbugs",
"3","EI_EXPOSE_REP","com/ibm/di/amc/propstore/ManagePropertiesBean.java","305","com.ibm.di.amc.propstore.ManagePropertiesBean.getmanageStoresTableSelection() may expose internal representation by returning ManagePropertiesBean.m_imanageStoresTableSelection","http://findbugs.sourceforge.net/bugDescriptions.html#EI_EXPOSE_REP","1626727839","findbugs",
"3","EI_EXPOSE_REP","com/ibm/di/amc/propstore/ManagePropertyStoreBean.java","129","com.ibm.di.amc.propstore.ManagePropertyStoreBean.getPropertyListTableSelection() may expose internal representation by returning ManagePropertyStoreBean.m_iPropertyListTableSelection","http://findbugs.sourceforge.net/bugDescriptions.html#EI_EXPOSE_REP","-197853341","findbugs",
"3","EI_EXPOSE_REP","com/ibm/di/amc/propstore/ManagePropertyStoreBean.java","78","com.ibm.di.amc.propstore.ManagePropertyStoreBean.getPropertyListTableSortCriteria() may expose internal representation by returning ManagePropertyStoreBean.m_csdPropertyListTable","http://findbugs.sourceforge.net/bugDescriptions.html#EI_EXPOSE_REP","70112242","findbugs",
"3","EI_EXPOSE_REP","com/ibm/di/amc/propstore/ManagePropertyStoreBean.java","99","com.ibm.di.amc.propstore.ManagePropertyStoreBean.getPropertyListTableFilterCriteria() may expose internal representation by returning ManagePropertyStoreBean.m_cfdPropertyListTable","http://findbugs.sourceforge.net/bugDescriptions.html#EI_EXPOSE_REP","1089859871","findbugs",
"3","EI_EXPOSE_REP","com/ibm/di/amc/propstore/ManagePropertyStorePanel.java","275","com.ibm.di.amc.propstore.ManagePropertyStorePanel.getApplicationParms() may expose internal representation by returning ManagePropertyStorePanel.paramHashtable","http://findbugs.sourceforge.net/bugDescriptions.html#EI_EXPOSE_REP","-439376184","findbugs",
"3","EI_EXPOSE_REP","com/ibm/di/amc/propstore/ManageSolutionPropBean.java","108","com.ibm.di.amc.propstore.ManageSolutionPropBean.getPropertyListSortCriteria() may expose internal representation by returning ManageSolutionPropBean.m_csdPropertyList","http://findbugs.sourceforge.net/bugDescriptions.html#EI_EXPOSE_REP","-1556470922","findbugs",
"3","EI_EXPOSE_REP","com/ibm/di/amc/propstore/ManageSolutionPropBean.java","165","com.ibm.di.amc.propstore.ManageSolutionPropBean.getPropertyListFilterCriteria() may expose internal representation by returning ManageSolutionPropBean.m_cfdPropertyList","http://findbugs.sourceforge.net/bugDescriptions.html#EI_EXPOSE_REP","320192041","findbugs",
"3","EI_EXPOSE_REP","com/ibm/di/amc/propstore/ManageSolutionPropBean.java","203","com.ibm.di.amc.propstore.ManageSolutionPropBean.getPropertyListSelection() may expose internal representation by returning ManageSolutionPropBean.m_iPropertyListSelection","http://findbugs.sourceforge.net/bugDescriptions.html#EI_EXPOSE_REP","-2089759831","findbugs",
"3","EI_EXPOSE_REP","com/ibm/di/amc/propstore/ManageSystemPropBean.java","117","com.ibm.di.amc.propstore.ManageSystemPropBean.getPropertyListSortCriteria() may expose internal representation by returning ManageSystemPropBean.m_csdPropertyList","http://findbugs.sourceforge.net/bugDescriptions.html#EI_EXPOSE_REP","-1556470922","findbugs",
"3","EI_EXPOSE_REP","com/ibm/di/amc/propstore/ManageSystemPropBean.java","174","com.ibm.di.amc.propstore.ManageSystemPropBean.getPropertyListFilterCriteria() may expose internal representation by returning ManageSystemPropBean.m_cfdPropertyList","http://findbugs.sourceforge.net/bugDescriptions.html#EI_EXPOSE_REP","320192041","findbugs",
"3","EI_EXPOSE_REP","com/ibm/di/amc/propstore/ManageSystemPropBean.java","212","com.ibm.di.amc.propstore.ManageSystemPropBean.getPropertyListSelection() may expose internal representation by returning ManageSystemPropBean.m_iPropertyListSelection","http://findbugs.sourceforge.net/bugDescriptions.html#EI_EXPOSE_REP","-2089759831","findbugs",
"3","EI_EXPOSE_REP","com/ibm/di/amc/propstore/ManageUserStoresBean.java","129","com.ibm.di.amc.propstore.ManageUserStoresBean.getStoreListList() may expose internal representation by returning ManageUserStoresBean.m_vdStoreList","http://findbugs.sourceforge.net/bugDescriptions.html#EI_EXPOSE_REP","714215372","findbugs",
"3","EI_EXPOSE_REP","com/ibm/di/amc/propstore/ManageUserStoresBean.java","184","com.ibm.di.amc.propstore.ManageUserStoresBean.getPropertyListSortCriteria() may expose internal representation by returning ManageUserStoresBean.m_csdPropertyList","http://findbugs.sourceforge.net/bugDescriptions.html#EI_EXPOSE_REP","-1556470922","findbugs",
"3","EI_EXPOSE_REP","com/ibm/di/amc/propstore/ManageUserStoresBean.java","241","com.ibm.di.amc.propstore.ManageUserStoresBean.getPropertyListFilterCriteria() may expose internal representation by returning ManageUserStoresBean.m_cfdPropertyList","http://findbugs.sourceforge.net/bugDescriptions.html#EI_EXPOSE_REP","320192041","findbugs",
"3","EI_EXPOSE_REP","com/ibm/di/amc/propstore/ManageUserStoresBean.java","279","com.ibm.di.amc.propstore.ManageUserStoresBean.getPropertyListSelection() may expose internal representation by returning ManageUserStoresBean.m_iPropertyListSelection","http://findbugs.sourceforge.net/bugDescriptions.html#EI_EXPOSE_REP","-2089759831","findbugs",
"3","EI_EXPOSE_REP","com/ibm/di/amc/propstore/SelectConfigViewBean.java","76","com.ibm.di.amc.propstore.SelectConfigViewBean.getConfigViewListList() may expose internal representation by returning SelectConfigViewBean.m_vdConfigViewList","http://findbugs.sourceforge.net/bugDescriptions.html#EI_EXPOSE_REP","-1672409146","findbugs",
"3","EI_EXPOSE_REP","com/ibm/di/amc/userpref/ChangePasswordPanel.java","163","com.ibm.di.amc.userpref.ChangePasswordPanel.getApplicationParms() may expose internal representation by returning ChangePasswordPanel.paramHashtable","http://findbugs.sourceforge.net/bugDescriptions.html#EI_EXPOSE_REP","-439376184","findbugs",
"3","EI_EXPOSE_REP","com/ibm/di/amc/userpref/PreferredConfigViewsBean.java","188","com.ibm.di.amc.userpref.PreferredConfigViewsBean.getConfigViewsTableSortCriteria() may expose internal representation by returning PreferredConfigViewsBean.m_csdConfigViewsTable","http://findbugs.sourceforge.net/bugDescriptions.html#EI_EXPOSE_REP","583281543","findbugs",
"3","EI_EXPOSE_REP","com/ibm/di/amc/userpref/PreferredConfigViewsBean.java","246","com.ibm.di.amc.userpref.PreferredConfigViewsBean.getConfigViewsTableFilterCriteria() may expose internal representation by returning PreferredConfigViewsBean.m_cfdConfigViewsTable","http://findbugs.sourceforge.net/bugDescriptions.html#EI_EXPOSE_REP","-1323486022","findbugs",
"3","EI_EXPOSE_REP","com/ibm/di/amc/userpref/PreferredConfigViewsBean.java","285","com.ibm.di.amc.userpref.PreferredConfigViewsBean.getConfigViewsTableSelection() may expose internal representation by returning PreferredConfigViewsBean.m_iConfigViewsTableSelection","http://findbugs.sourceforge.net/bugDescriptions.html#EI_EXPOSE_REP","-1676991432","findbugs",
"3","EI_EXPOSE_REP","com/ibm/di/amc/userpref/PreferredConfigViewsPanel.java","153","com.ibm.di.amc.userpref.PreferredConfigViewsPanel.getApplicationParms() may expose internal representation by returning PreferredConfigViewsPanel.paramHashtable","http://findbugs.sourceforge.net/bugDescriptions.html#EI_EXPOSE_REP","-439376184","findbugs",
"3","EI_EXPOSE_REP","com/ibm/di/amc/usrgrp/GroupManagementAddGroupPanel.java","152","com.ibm.di.amc.usrgrp.GroupManagementAddGroupPanel.getApplicationParms() may expose internal representation by returning GroupManagementAddGroupPanel.paramHashtable","http://findbugs.sourceforge.net/bugDescriptions.html#EI_EXPOSE_REP","-439376184","findbugs",
"3","EI_EXPOSE_REP","com/ibm/di/amc/usrgrp/GroupManagementAddMembersBean.java","122","com.ibm.di.amc.usrgrp.GroupManagementAddMembersBean.getNonMembersTableSortCriteria() may expose internal representation by returning GroupManagementAddMembersBean.m_csdNonMembersTable","http://findbugs.sourceforge.net/bugDescriptions.html#EI_EXPOSE_REP","934885163","findbugs",
"3","EI_EXPOSE_REP","com/ibm/di/amc/usrgrp/GroupManagementAddMembersBean.java","180","com.ibm.di.amc.usrgrp.GroupManagementAddMembersBean.getNonMembersTableFilterCriteria() may expose internal representation by returning GroupManagementAddMembersBean.m_cfdNonMembersTable","http://findbugs.sourceforge.net/bugDescriptions.html#EI_EXPOSE_REP","1011923864","findbugs",
"3","EI_EXPOSE_REP","com/ibm/di/amc/usrgrp/GroupManagementAddMembersBean.java","218","com.ibm.di.amc.usrgrp.GroupManagementAddMembersBean.getNonMembersTableSelection() may expose internal representation by returning GroupManagementAddMembersBean.m_iNonMembersTableSelection","http://findbugs.sourceforge.net/bugDescriptions.html#EI_EXPOSE_REP","-158176502","findbugs",
"3","EI_EXPOSE_REP","com/ibm/di/amc/usrgrp/GroupManagementAddMembersPanel.java","185","com.ibm.di.amc.usrgrp.GroupManagementAddMembersPanel.getApplicationParms() may expose internal representation by returning GroupManagementAddMembersPanel.paramHashtable","http://findbugs.sourceforge.net/bugDescriptions.html#EI_EXPOSE_REP","-439376184","findbugs",
"3","EI_EXPOSE_REP","com/ibm/di/amc/usrgrp/GroupManagementBean.java","122","com.ibm.di.amc.usrgrp.GroupManagementBean.getGroupTableSortCriteria() may expose internal representation by returning GroupManagementBean.m_csdGroupTable","http://findbugs.sourceforge.net/bugDescriptions.html#EI_EXPOSE_REP","1153735162","findbugs",
"3","EI_EXPOSE_REP","com/ibm/di/amc/usrgrp/GroupManagementBean.java","179","com.ibm.di.amc.usrgrp.GroupManagementBean.getGroupTableFilterCriteria() may expose internal representation by returning GroupManagementBean.m_cfdGroupTable","http://findbugs.sourceforge.net/bugDescriptions.html#EI_EXPOSE_REP","673006957","findbugs",
"3","EI_EXPOSE_REP","com/ibm/di/amc/usrgrp/GroupManagementBean.java","216","com.ibm.di.amc.usrgrp.GroupManagementBean.getGroupTableSelection() may expose internal representation by returning GroupManagementBean.m_iGroupTableSelection","http://findbugs.sourceforge.net/bugDescriptions.html#EI_EXPOSE_REP","-1000475931","findbugs",
"3","EI_EXPOSE_REP","com/ibm/di/amc/usrgrp/GroupManagementEditGroupBean.java","168","com.ibm.di.amc.usrgrp.GroupManagementEditGroupBean.getMembersTableSortCriteria() may expose internal representation by returning GroupManagementEditGroupBean.m_csdMembersTable","http://findbugs.sourceforge.net/bugDescriptions.html#EI_EXPOSE_REP","2063150484","findbugs",
"3","EI_EXPOSE_REP","com/ibm/di/amc/usrgrp/GroupManagementEditGroupBean.java","225","com.ibm.di.amc.usrgrp.GroupManagementEditGroupBean.getMembersTableFilterCriteria() may expose internal representation by returning GroupManagementEditGroupBean.m_cfdMembersTable","http://findbugs.sourceforge.net/bugDescriptions.html#EI_EXPOSE_REP","-355153849","findbugs",
"3","EI_EXPOSE_REP","com/ibm/di/amc/usrgrp/GroupManagementEditGroupBean.java","263","com.ibm.di.amc.usrgrp.GroupManagementEditGroupBean.getMembersTableSelection() may expose internal representation by returning GroupManagementEditGroupBean.m_iMembersTableSelection","http://findbugs.sourceforge.net/bugDescriptions.html#EI_EXPOSE_REP","1905804107","findbugs",
"3","EI_EXPOSE_REP","com/ibm/di/amc/usrgrp/GroupManagementEditGroupPanel.java","165","com.ibm.di.amc.usrgrp.GroupManagementEditGroupPanel.getApplicationParms() may expose internal representation by returning GroupManagementEditGroupPanel.paramHashtable","http://findbugs.sourceforge.net/bugDescriptions.html#EI_EXPOSE_REP","-439376184","findbugs",
"3","EI_EXPOSE_REP","com/ibm/di/amc/usrgrp/GroupManagementPanel.java","151","com.ibm.di.amc.usrgrp.GroupManagementPanel.getApplicationParms() may expose internal representation byreturning GroupManagementPanel.paramHashtable","http://findbugs.sourceforge.net/bugDescriptions.html#EI_EXPOSE_REP","-439376184","findbugs",
"3","EI_EXPOSE_REP","com/ibm/di/amc/usrgrp/UserManagementAddUserPanel.java","150","com.ibm.di.amc.usrgrp.UserManagementAddUserPanel.getApplicationParms() may expose internal representation by returning UserManagementAddUserPanel.paramHashtable","http://findbugs.sourceforge.net/bugDescriptions.html#EI_EXPOSE_REP","-439376184","findbugs",
"3","EI_EXPOSE_REP","com/ibm/di/amc/usrgrp/UserManagementBean.java","122","com.ibm.di.amc.usrgrp.UserManagementBean.getm_userListSortCriteria() may expose internal representation by returning UserManagementBean.m_csdm_userList","http://findbugs.sourceforge.net/bugDescriptions.html#EI_EXPOSE_REP","-750505586","findbugs",
"3","EI_EXPOSE_REP","com/ibm/di/amc/usrgrp/UserManagementBean.java","179","com.ibm.di.amc.usrgrp.UserManagementBean.getm_userListFilterCriteria() may expose internal representation by returning UserManagementBean.m_cfdm_userList","http://findbugs.sourceforge.net/bugDescriptions.html#EI_EXPOSE_REP","-1231233791","findbugs",
"3","EI_EXPOSE_REP","com/ibm/di/amc/usrgrp/UserManagementBean.java","216","com.ibm.di.amc.usrgrp.UserManagementBean.getm_userListSelection() may expose internal representation by returning UserManagementBean.m_im_userListSelection","http://findbugs.sourceforge.net/bugDescriptions.html#EI_EXPOSE_REP","-1595039279","findbugs",
"3","EI_EXPOSE_REP","com/ibm/di/amc/usrgrp/UserManagementEditUserPanel.java","189","com.ibm.di.amc.usrgrp.UserManagementEditUserPanel.getApplicationParms() may expose internal representation by returning UserManagementEditUserPanel.paramHashtable","http://findbugs.sourceforge.net/bugDescriptions.html#EI_EXPOSE_REP","-439376184","findbugs",
"3","EI_EXPOSE_REP","com/ibm/di/amc/usrgrp/UserManagementPanel.java","135","com.ibm.di.amc.usrgrp.UserManagementPanel.getApplicationParms() mayexpose internal representation by returning UserManagementPanel.paramHashtable","http://findbugs.sourceforge.net/bugDescriptions.html#EI_EXPOSE_REP","-439376184","findbugs",
"3","EI_EXPOSE_REP","com/ibm/di/api/DIEvent.java","231","com.ibm.di.api.DIEvent.getDateCreated() may expose internal representation by returning DIEvent.mDateCreated","http://findbugs.sourceforge.net/bugDescriptions.html#EI_EXPOSE_REP","692116030","findbugs",
"3","EI_EXPOSE_REP","com/ibm/di/api/Tombstone.java","236","com.ibm.di.api.Tombstone.getStartTime() may expose internal representation by returning Tombstone.mStartTime","http://findbugs.sourceforge.net/bugDescriptions.html#EI_EXPOSE_REP","678320425","findbugs",
"3","EI_EXPOSE_REP","com/ibm/di/api/Tombstone.java","245","com.ibm.di.api.Tombstone.getTombstoneCreateTime() may expose internal representation by returning Tombstone.mCreatedOn","http://findbugs.sourceforge.net/bugDescriptions.html#EI_EXPOSE_REP","-663353455","findbugs",
"3","EI_EXPOSE_REP","com/ibm/di/api/security/Identity.java","114","com.ibm.di.api.security.Identity.getGroupIds() may expose internal representation by returning Identity.groupIds","http://findbugs.sourceforge.net/bugDescriptions.html#EI_EXPOSE_REP","-653526862","findbugs",
"3","EI_EXPOSE_REP","com/ibm/di/console/Configuration/ServersInfo.java","277","com.ibm.di.console.Configuration.ServersInfo.getServerList() may expose internal representation by returning ServersInfo.serverList","http://findbugs.sourceforge.net/bugDescriptions.html#EI_EXPOSE_REP","2086205162","findbugs",
"3","EI_EXPOSE_REP","com/ibm/di/eventhandler/ldap/LDAPControl.java","186","com.ibm.di.eventhandler.ldap.LDAPControl.getEncodedValue() may expose internal representation by returning LDAPControl.controlValue","http://findbugs.sourceforge.net/bugDescriptions.html#EI_EXPOSE_REP","-1111338569","findbugs",
"3","EI_EXPOSE_REP","com/ibm/di/fc/castorbind/ByteArrayWrapper.java","57","com.ibm.di.fc.castorbind.ByteArrayWrapper.getBytes() may expose internal representation by returning ByteArrayWrapper.mBytes","http://findbugs.sourceforge.net/bugDescriptions.html#EI_EXPOSE_REP","-1354621683","findbugs",
"3","EI_EXPOSE_REP","com/ibm/di/fc/castorbind/CharArrayWrapper.java","74","com.ibm.di.fc.castorbind.CharArrayWrapper.getCharacters() may expose internal representation by returning CharArrayWrapper.mCharacters","http://findbugs.sourceforge.net/bugDescriptions.html#EI_EXPOSE_REP","1354380628","findbugs",
"3","EI_EXPOSE_REP","com/ibm/di/fc/castorbind/StringArrayWrapper.java","58","com.ibm.di.fc.castorbind.StringArrayWrapper.getStrings() may expose internal representation by returning StringArrayWrapper.mStrings","http://findbugs.sourceforge.net/bugDescriptions.html#EI_EXPOSE_REP","-1049560426","findbugs",
"3","EI_EXPOSE_REP","com/ibm/di/fc/castorbind/TypeWrapper.java","251","com.ibm.di.fc.castorbind.TypeWrapper.getDate() may expose internal representation by returning TypeWrapper.mDate","http://findbugs.sourceforge.net/bugDescriptions.html#EI_EXPOSE_REP","1620002512","findbugs",
"3","EI_EXPOSE_REP","com/ibm/di/fc/castorbind/TypeWrapper.java","526","com.ibm.di.fc.castorbind.TypeWrapper.getObject(String) may expose internal representation by returning TypeWrapper.mDate","http://findbugs.sourceforge.net/bugDescriptions.html#EI_EXPOSE_REP","1620002512","findbugs",
"3","EI_EXPOSE_REP","com/ibm/di/util/ByteBuffer.java","108","com.ibm.di.util.ByteBuffer.getBuffer() may expose internal representation by returning ByteBuffer.buffer","http://findbugs.sourceforge.net/bugDescriptions.html#EI_EXPOSE_REP","-1085104885","findbugs",
"3","EI_EXPOSE_REP","com/ibm/di/util/DebugServer.java","689","com.ibm.di.util.DebugServer.getBreakpoints() may expose internal representation by returning DebugServer.breakpoints","http://findbugs.sourceforge.net/bugDescriptions.html#EI_EXPOSE_REP","-881780023","findbugs",
"3","EI_EXPOSE_REP","com/ibm/di/util/HookTree.java","672","com.ibm.di.util.HookTree.getChildrenArray() may expose internal representation by returning HookTree.children","http://findbugs.sourceforge.net/bugDescriptions.html#EI_EXPOSE_REP","735512364","findbugs",
"3","EI_EXPOSE_REP","com/ibm/tdi/eclipse/providers/ConfigPropertySource.java","122","com.ibm.tdi.eclipse.providers.ConfigPropertySource.getPropertyDescriptors() may expose internal representation by returning ConfigPropertySource.props","http://findbugs.sourceforge.net/bugDescriptions.html#EI_EXPOSE_REP","1748785595","findbugs",
"3","EI_EXPOSE_REP","com/ibm/tdi/eclipse/providers/WorkEntryAttributesProvider.java","67","com.ibm.tdi.eclipse.providers.WorkEntryAttributesProvider.getChildren(Object) may expose internal representation by returning WorkEntryAttributesProvider.workAttributes","http://findbugs.sourceforge.net/bugDescriptions.html#EI_EXPOSE_REP","-1426286845","findbugs",
"3","EI_EXPOSE_REP","com/ibm/tdi/eclipse/providers/WorkEntryAttributesProvider.java","74","com.ibm.tdi.eclipse.providers.WorkEntryAttributesProvider.getElements(Object) may expose internal representation by returning WorkEntryAttributesProvider.workAttributes","http://findbugs.sourceforge.net/bugDescriptions.html#EI_EXPOSE_REP","-1426286845","findbugs",
"3","EI_EXPOSE_REP","com/ibm/tdi/eclipse/stepper/StepperPanel.java","884","com.ibm.tdi.eclipse.stepper.StepperPanel.getBreakpoints() may expose internal representation by returning StepperPanel.breakpoints","http://findbugs.sourceforge.net/bugDescriptions.html#EI_EXPOSE_REP","-881780023","findbugs",
"3","EI_EXPOSE_REP","com/ibm/tdi/eclipse/wizards/pages/ConfigTypePage.java","97","com.ibm.tdi.eclipse.wizards.pages.ConfigTypePage.getModeFilters() may expose internal representation by returning ConfigTypePage.modeFilters","http://findbugs.sourceforge.net/bugDescriptions.html#EI_EXPOSE_REP","1137616723","findbugs",
"3","IT_NO_SUCH_ELEMENT","com/ibm/di/fc/sapr3rfc/REParserTestUtil.java","118","com.ibm.di.fc.sapr3rfc.REParserTestUtil.next() can't throw NoSuchElementException","http://findbugs.sourceforge.net/bugDescriptions.html#IT_NO_SUCH_ELEMENT","1860401746","findbugs",
"3","MF_CLASS_MASKS_FIELD","com/ibm/di/server/FunctionComponent.java","1","Field FunctionComponent.config masks field in superclass com.ibm.di.server.AssemblyLineComponent","http://findbugs.sourceforge.net/bugDescriptions.html#MF_CLASS_MASKS_FIELD","1499","findbugs",
"3","NM_SAME_SIMPLE_NAME_AS_SUPERCLASS","com/ibm/di/exceptions/DOMException.java","27","The class name com.ibm.di.exceptions.DOMException shadows the simple name of the superclass org.w3c.dom.DOMException","http://findbugs.sourceforge.net/bugDescriptions.html#NM_SAME_SIMPLE_NAME_AS_SUPERCLASS","686757189","findbugs",
"3","NM_SAME_SIMPLE_NAME_AS_SUPERCLASS","com/ibm/di/plugin/pwstore/jms/driver/IBMMB.java","27","The class name com.ibm.di.plugin.pwstore.jms.driver.IBMMB shadows the simple name of the superclass com.ibm.di.systemqueue.driver.IBMMB","http://findbugs.sourceforge.net/bugDescriptions.html#NM_SAME_SIMPLE_NAME_AS_SUPERCLASS","-2114249873","findbugs",
"3","NM_SAME_SIMPLE_NAME_AS_SUPERCLASS","com/ibm/di/plugin/pwstore/jms/driver/IBMMQ.java","25","The class name com.ibm.di.plugin.pwstore.jms.driver.IBMMQ shadows the simple name of the superclass com.ibm.di.systemqueue.driver.IBMMQ","http://findbugs.sourceforge.net/bugDescriptions.html#NM_SAME_SIMPLE_NAME_AS_SUPERCLASS","1680052621","findbugs",
"3","NM_SAME_SIMPLE_NAME_AS_SUPERCLASS","com/ibm/di/plugin/pwstore/jms/driver/IBMMQe.java","39","The class name com.ibm.di.plugin.pwstore.jms.driver.IBMMQe shadows the simple name of the superclass com.ibm.di.systemqueue.driver.IBMMQe","http://findbugs.sourceforge.net/bugDescriptions.html#NM_SAME_SIMPLE_NAME_AS_SUPERCLASS","-1448450341","findbugs",
"3","NP_NULL_ON_SOME_PATH_EXCEPTION","com/ibm/di/amc/opstatus/DeleteALTombstonesBean.java","437","Possible null pointer dereference of tombstoneMgr in com.ibm.di.amc.opstatus.DeleteALTombstonesBean.deleteTombstones() on exception path","http://findbugs.sourceforge.net/bugDescriptions.html#NP_NULL_ON_SOME_PATH_EXCEPTION","-1283372561","findbugs",
"3","NP_TOSTRING_COULD_RETURN_NULL","com/ibm/di/util/NullValue.java","23","com.ibm.di.util.NullValue.toString() may return null","http://findbugs.sourceforge.net/bugDescriptions.html#NP_TOSTRING_COULD_RETURN_NULL","-638084956","findbugs",
"3","RCN_REDUNDANT_NULLCHECK_OF_NULL_VALUE","com/ibm/di/server/AttributeMapping.java","288","Redundant nullcheck of com.ibm.di.server.AttributeMapping.value which is known to be null in com.ibm.di.server.AttributeMapping.mapAttribute(String)","http://findbugs.sourceforge.net/bugDescriptions.html#RCN_REDUNDANT_NULLCHECK_OF_NULL_VALUE","624301265","findbugs",
"3","REC_CATCH_EXCEPTION","com/ibm/di/api/syslog/LogUtils.java","151","Exception is caught when Exception is not thrown in com.ibm.di.api.syslog.LogUtils.getComponentLog(String)","http://findbugs.sourceforge.net/bugDescriptions.html#REC_CATCH_EXCEPTION","-1549343632","findbugs",
"3","REC_CATCH_EXCEPTION","com/ibm/di/api/syslog/LogUtils.java","210","Exception is caught when Exception is not thrown in com.ibm.di.api.syslog.LogUtils.getComponentLogLastChunk(String, int)","http://findbugs.sourceforge.net/bugDescriptions.html#REC_CATCH_EXCEPTION","-1549343632","findbugs",
"3","REC_CATCH_EXCEPTION","com/ibm/di/connector/sapr3/aleidoc/SapALEIDocConnector.java","662","Exception is caught when Exception is not thrown in com.ibm.di.connector.sapr3.aleidoc.SapALEIDocConnector.initialize(Object)","http://findbugs.sourceforge.net/bugDescriptions.html#REC_CATCH_EXCEPTION","-2124500372","findbugs",
"3","REC_CATCH_EXCEPTION","com/ibm/di/log/TDIJLog.java","63","Exception is caught when Exception is not thrown in com.ibm.di.log.TDIJLog.setCategory(String)","http://findbugs.sourceforge.net/bugDescriptions.html#REC_CATCH_EXCEPTION","-1549343632","findbugs",
"3","RV_RETURN_VALUE_IGNORED_BAD_PRACTICE","com/ibm/di/api/ConfigurationRegistry.java","794","com.ibm.di.api.ConfigurationRegistry.createNewConfigFile(String, boolean) ignores exceptional return value of java.io.File.mkdirs()","http://findbugs.sourceforge.net/bugDescriptions.html#RV_RETURN_VALUE_IGNORED_BAD_PRACTICE","858149888","findbugs",
"3","RV_RETURN_VALUE_IGNORED_BAD_PRACTICE","com/ibm/di/api/syslog/SystemLogAppender.java","362","com.ibm.di.api.syslog.SystemLogAppender.createFilePath(String) ignores exceptional return value ofjava.io.File.mkdirs()","http://findbugs.sourceforge.net/bugDescriptions.html#RV_RETURN_VALUE_IGNORED_BAD_PRACTICE","-1538065724","findbugs",
"3","RV_RETURN_VALUE_IGNORED_BAD_PRACTICE","com/ibm/di/config/xml/MetamergeConfigXML.java","1073","com.ibm.di.config.xml.MetamergeConfigXML.commitOldVersionChanges() ignores exceptional return value of java.io.File.renameTo(File)","http://findbugs.sourceforge.net/bugDescriptions.html#RV_RETURN_VALUE_IGNORED_BAD_PRACTICE","-1454904469","findbugs",
"3","RV_RETURN_VALUE_IGNORED_BAD_PRACTICE","com/ibm/di/eclipse/http/commands/StarttempCommand.java","48","com.ibm.di.eclipse.http.commands.StarttempCommand.execute() ignores exceptional return value of java.io.File.delete()","http://findbugs.sourceforge.net/bugDescriptions.html#RV_RETURN_VALUE_IGNORED_BAD_PRACTICE","-2027234124","findbugs",
"3","RV_RETURN_VALUE_IGNORED_BAD_PRACTICE","com/ibm/tdi/eclipse/actions/SaveConfigSectionAction.java","65","com.ibm.tdi.eclipse.actions.SaveConfigSectionAction.dragFinished(DragSourceEvent) ignores exceptional return value of java.io.File.delete()","http://findbugs.sourceforge.net/bugDescriptions.html#RV_RETURN_VALUE_IGNORED_BAD_PRACTICE","-1625796643","findbugs",
"3","RV_RETURN_VALUE_IGNORED_BAD_PRACTICE","com/ibm/tdi/eclipse/server/ServerUtils.java","347","com.ibm.tdi.eclipse.server.ServerUtils.copySolutionDirectoryFiles(File, File) ignores exceptional return value of java.io.File.delete()","http://findbugs.sourceforge.net/bugDescriptions.html#RV_RETURN_VALUE_IGNORED_BAD_PRACTICE","-1906005836","findbugs",
"3","SE_BAD_FIELD","com/ibm/di/amc/actionmanager/api/remote/impl/AMSessionImpl.java","1","Class com.ibm.di.amc.actionmanager.api.remote.impl.AMSessionImpl defines non-transient non-serializable instance field logger","http://findbugs.sourceforge.net/bugDescriptions.html#SE_BAD_FIELD","1499","findbugs",
"3","SE_BAD_FIELD","com/ibm/di/config/eclipse/MetamergeConfigCE.java","1","Class com.ibm.di.config.eclipse.MetamergeConfigCE defines non-transient non-serializable instance field project","http://findbugs.sourceforge.net/bugDescriptions.html#SE_BAD_FIELD","1499","findbugs",
"3","SE_BAD_FIELD","com/ibm/di/config/eclipse/TDIConfigurationFile.java","1","Class com.ibm.di.config.eclipse.TDIConfigurationFile defines non-transient non-serializable instance field file","http://findbugs.sourceforge.net/bugDescriptions.html#SE_BAD_FIELD","1499","findbugs",
"3","SE_BAD_FIELD","com/ibm/di/config/interfaces/TDIPropertyStoreCE.java","1","Class com.ibm.di.config.interfaces.TDIPropertyStoreCE defines non-transient non-serializable instance field file","http://findbugs.sourceforge.net/bugDescriptions.html#SE_BAD_FIELD","1499","findbugs",
"3","SE_COMPARATOR_SHOULD_BE_SERIALIZABLE","com/ibm/tdi/eclipse/navigator/CommonSorter.java","33","com.ibm.tdi.eclipse.navigator.CommonSorter implements Comparator but not Serializable","http://findbugs.sourceforge.net/bugDescriptions.html#SE_COMPARATOR_SHOULD_BE_SERIALIZABLE","-1969719632","findbugs",
"3","SE_TRANSIENT_FIELD_NOT_RESTORED","com/ibm/di/entry/Entry.java","1","The field com.ibm.di.entry.Entry$FieldsOptimizer.tempKN is transient but isn't set by deserialization","http://findbugs.sourceforge.net/bugDescriptions.html#SE_TRANSIENT_FIELD_NOT_RESTORED","1499","findbugs",
"3","SQL_NONCONSTANT_STRING_PASSED_TO_EXECUTE","com/ibm/di/connector/JDBCConnector.java","1017","Method com.ibm.di.connector.JDBCConnector.modEntry(Entry, SearchCriteria) passes a nonconstant String to an execute method on an SQL statement","http://findbugs.sourceforge.net/bugDescriptions.html#SQL_NONCONSTANT_STRING_PASSED_TO_EXECUTE","-769624648","findbugs",
"3","SQL_PREPARED_STATEMENT_GENERATED_FROM_NONCONSTANT_STRING","com/ibm/di/util/RecordAL.java","209","A prepared statement is generated from a nonconstant String at com.ibm.di.util.RecordAL.invoke(Object, Method, Object[])","http://findbugs.sourceforge.net/bugDescriptions.html#SQL_PREPARED_STATEMENT_GENERATED_FROM_NONCONSTANT_STRING","1270859676","findbugs",
"3","WMI_WRONG_MAP_ITERATOR","com/ibm/di/fc/axis2/Axis2WSClientFC.java","325","Method com.ibm.di.fc.axis2.Axis2WSClientFC.perform(Object) makes inefficient use of keySet iterator instead of entrySet iterator","http://findbugs.sourceforge.net/bugDescriptions.html#WMI_WRONG_MAP_ITERATOR","157713392","findbugs",
"4","DM_EXIT","com/ibm/di/fc/sapr3rfc/RfcXmlInvoker.java","124","com.ibm.di.fc.sapr3rfc.RfcXmlInvoker.initFromCmdLine(String[]) invokes System.exit(...), which shuts down the entire virtual machine","http://findbugs.sourceforge.net/bugDescriptions.html#DM_EXIT","1820533464","findbugs",
"4","DM_EXIT","com/ibm/di/server/RS.java","2113","com.ibm.di.server.RS.securityInitError(String, boolean) invokes System.exit(...), which shuts down the entire virtual machine","http://findbugs.sourceforge.net/bugDescriptions.html#DM_EXIT","1820533464","findbugs",
"4","DM_EXIT","com/ibm/di/server/RS.java","2392","com.ibm.di.server.RS.runMaster() invokes System.exit(...), which shuts down the entire virtual machine","http://findbugs.sourceforge.net/bugDescriptions.html#DM_EXIT","-1838660993","findbugs",
"4","DM_EXIT","com/ibm/di/server/RS.java","2428","com.ibm.di.server.RS.usage(int) invokes System.exit(...), which shuts down the entire virtual machine","http://findbugs.sourceforge.net/bugDescriptions.html#DM_EXIT","-240417777","findbugs",
"4","MS_CANNOT_BE_FINAL","com/ibm/di/server/RS.java","1","com.ibm.di.server.RS.gRS isn't final and can't be protected from malicious code","http://findbugs.sourceforge.net/bugDescriptions.html#MS_CANNOT_BE_FINAL","1499","findbugs",
"4","MS_CANNOT_BE_FINAL","com/ibm/di/server/RS.java","1","com.ibm.di.server.RS.gSysConfig isn't final and can't be protected from malicious code","http://findbugs.sourceforge.net/bugDescriptions.html#MS_CANNOT_BE_FINAL","1499","findbugs",
"4","MS_EXPOSE_REP","com/ibm/di/fc/sapr3rfc/SapR3RfcFC.java","458","public static com.ibm.di.fc.sapr3rfc.SapR3RfcFC.getJCOClientOptions() may expose internal representation by returning SapR3RfcFC.EXT_PARAM_JCO_CLIENT_OPTIONS","http://findbugs.sourceforge.net/bugDescriptions.html#MS_EXPOSE_REP","-2140959512","findbugs",
"4","MS_EXPOSE_REP","com/ibm/di/log/LogUtils.java","148","public static com.ibm.di.log.LogUtils.getAppenders() may expose internal representation by returning LogUtils.APPENDERS","http://findbugs.sourceforge.net/bugDescriptions.html#MS_EXPOSE_REP","-1699987777","findbugs",
"4","MS_EXPOSE_REP","com/ibm/di/log/LogUtils.java","152","public static com.ibm.di.log.LogUtils.getLayouts() may expose internal representation by returning LogUtils.LAYOUTS","http://findbugs.sourceforge.net/bugDescriptions.html#MS_EXPOSE_REP","1734889442","findbugs",
"4","MS_EXPOSE_REP","com/ibm/di/util/HooksUtil.java","192","public static com.ibm.di.util.HooksUtil.getHookTree(ConnectorConfig) may expose internal representation by returning HooksUtil.iteratorMode","http://findbugs.sourceforge.net/bugDescriptions.html#MS_EXPOSE_REP","1391178810","findbugs",
"4","MS_EXPOSE_REP","com/ibm/di/util/HooksUtil.java","196","public static com.ibm.di.util.HooksUtil.getHookTree(ConnectorConfig) may expose internal representation by returning HooksUtil.updateMode","http://findbugs.sourceforge.net/bugDescriptions.html#MS_EXPOSE_REP","-2022537025","findbugs",
"4","MS_EXPOSE_REP","com/ibm/di/util/HooksUtil.java","198","public static com.ibm.di.util.HooksUtil.getHookTree(ConnectorConfig) may expose internal representation by returning HooksUtil.lookupMode","http://findbugs.sourceforge.net/bugDescriptions.html#MS_EXPOSE_REP","210165422","findbugs",
"4","MS_EXPOSE_REP","com/ibm/di/util/HooksUtil.java","200","public static com.ibm.di.util.HooksUtil.getHookTree(ConnectorConfig) may expose internal representation by returning HooksUtil.deleteMode","http://findbugs.sourceforge.net/bugDescriptions.html#MS_EXPOSE_REP","1724053789","findbugs",
"4","MS_EXPOSE_REP","com/ibm/di/util/HooksUtil.java","202","public static com.ibm.di.util.HooksUtil.getHookTree(ConnectorConfig) may expose internal representation by returning HooksUtil.addonlyMode","http://findbugs.sourceforge.net/bugDescriptions.html#MS_EXPOSE_REP","977470491","findbugs",
"4","MS_EXPOSE_REP","com/ibm/di/util/HooksUtil.java","204","public static com.ibm.di.util.HooksUtil.getHookTree(ConnectorConfig) may expose internal representation by returning HooksUtil.callreplyMode","http://findbugs.sourceforge.net/bugDescriptions.html#MS_EXPOSE_REP","-1062020100","findbugs",
"4","MS_EXPOSE_REP","com/ibm/di/util/HooksUtil.java","206","public static com.ibm.di.util.HooksUtil.getHookTree(ConnectorConfig) may expose internal representation by returning HooksUtil.scriptMode","http://findbugs.sourceforge.net/bugDescriptions.html#MS_EXPOSE_REP","-1766481411","findbugs",
"4","MS_EXPOSE_REP","com/ibm/di/util/HooksUtil.java","208","public static com.ibm.di.util.HooksUtil.getHookTree(ConnectorConfig) may expose internal representation by returning HooksUtil.functionComponentMode","http://findbugs.sourceforge.net/bugDescriptions.html#MS_EXPOSE_REP","-1201979677","findbugs",
"4","MS_EXPOSE_REP","com/ibm/di/util/HooksUtil.java","212","public static com.ibm.di.util.HooksUtil.getHookTree(ConnectorConfig) may expose internal representation by returning HooksUtil.replyLoop","http://findbugs.sourceforge.net/bugDescriptions.html#MS_EXPOSE_REP","-613070275","findbugs",
"4","MS_EXPOSE_REP","com/ibm/di/util/HooksUtil.java","214","public static com.ibm.di.util.HooksUtil.getHookTree(ConnectorConfig) may expose internal representation by returning HooksUtil.serverMode","http://findbugs.sourceforge.net/bugDescriptions.html#MS_EXPOSE_REP","2087292549","findbugs",
"4","MS_EXPOSE_REP","com/ibm/di/util/HooksUtil.java","216","public static com.ibm.di.util.HooksUtil.getHookTree(ConnectorConfig) may expose internal representation by returning HooksUtil.deltaMode","http://findbugs.sourceforge.net/bugDescriptions.html#MS_EXPOSE_REP","1580719888","findbugs",
"4","MS_EXPOSE_REP","com/ibm/tdi/eclipse/providers/AssemblyLineContentProvider.java","86","public static com.ibm.tdi.eclipse.providers.AssemblyLineContentProvider.getEpilogHooks() may expose internal representation by returning AssemblyLineContentProvider.epilogHooks","http://findbugs.sourceforge.net/bugDescriptions.html#MS_EXPOSE_REP","1778887809","findbugs",
"4","MS_EXPOSE_REP","com/ibm/tdi/eclipse/providers/AssemblyLineContentProvider.java","94","public static com.ibm.tdi.eclipse.providers.AssemblyLineContentProvider.getPrologHooks() may expose internal representation by returning AssemblyLineContentProvider.prologHooks","http://findbugs.sourceforge.net/bugDescriptions.html#MS_EXPOSE_REP","-1574186030","findbugs",
"4","MS_MUTABLE_ARRAY","com/ibm/di/config/eclipse/TDIConfigurationFile.java","138","com.ibm.di.config.eclipse.TDIConfigurationFile.FILE_EXTENSIONS is a mutable array","http://findbugs.sourceforge.net/bugDescriptions.html#MS_MUTABLE_ARRAY","1189793556","findbugs",
"4","MS_MUTABLE_ARRAY","com/ibm/di/config/interfaces/PoolInstanceConfig.java","31","com.ibm.di.config.interfaces.PoolInstanceConfig.EXH_POOL_NAMES is a mutable array","http://findbugs.sourceforge.net/bugDescriptions.html#MS_MUTABLE_ARRAY","938468076","findbugs",
"4","MS_MUTABLE_ARRAY","com/ibm/di/config/interfaces/PropertyManager.java","36","com.ibm.di.config.interfaces.PropertyManager.STDCOLL_PROPERTY_NAMES is a mutable array","http://findbugs.sourceforge.net/bugDescriptions.html#MS_MUTABLE_ARRAY","-406656453","findbugs",
"4","MS_MUTABLE_ARRAY","com/ibm/di/config/interfaces/SimulationConfig.java","68","com.ibm.di.config.interfaces.SimulationConfig.SIM_OP_AS_STRING is a mutable array","http://findbugs.sourceforge.net/bugDescriptions.html#MS_MUTABLE_ARRAY","2091887744","findbugs",
"4","MS_MUTABLE_ARRAY","com/ibm/di/connector/Connector.java","138","com.ibm.di.connector.Connector.ALL_MODES is a mutable array","http://findbugs.sourceforge.net/bugDescriptions.html#MS_MUTABLE_ARRAY","778868801","findbugs",
"4","MS_MUTABLE_ARRAY","com/ibm/di/entry/Attribute.java","155","com.ibm.di.entry.Attribute.OPER is a mutable array","http://findbugs.sourceforge.net/bugDescriptions.html#MS_MUTABLE_ARRAY","-633302987","findbugs",
"4","MS_MUTABLE_ARRAY","com/ibm/di/server/ServerConstants.java","77","com.ibm.di.server.ServerConstants.NVB_BEHAVIOR is a mutable array","http://findbugs.sourceforge.net/bugDescriptions.html#MS_MUTABLE_ARRAY","-681158369","findbugs",
"4","MS_MUTABLE_ARRAY","com/ibm/di/server/ServerConstants.java","83","com.ibm.di.server.ServerConstants.NVD_DEFINITION is a mutable array","http://findbugs.sourceforge.net/bugDescriptions.html#MS_MUTABLE_ARRAY","72000511","findbugs",
"4","MS_OOI_PKGPROTECT","com/ibm/di/config/interfaces/SimulationConfig.java","73","com.ibm.di.config.interfaces.SimulationConfig.METHODS_FC_PERFORM should be moved out of an interface and made package protected","http://findbugs.sourceforge.net/bugDescriptions.html#MS_OOI_PKGPROTECT","1898048510","findbugs",
"4","MS_OOI_PKGPROTECT","com/ibm/di/config/interfaces/SimulationConfig.java","75","com.ibm.di.config.interfaces.SimulationConfig.METHODS_CON_UPDATE should be moved out of an interface and made package protected","http://findbugs.sourceforge.net/bugDescriptions.html#MS_OOI_PKGPROTECT","-939600074","findbugs",
"4","MS_OOI_PKGPROTECT","com/ibm/di/config/interfaces/SimulationConfig.java","78","com.ibm.di.config.interfaces.SimulationConfig.METHODS_CON_DELETE should be moved out of an interface and made package protected","http://findbugs.sourceforge.net/bugDescriptions.html#MS_OOI_PKGPROTECT","373533332","findbugs",
"4","MS_OOI_PKGPROTECT","com/ibm/di/config/interfaces/SimulationConfig.java","81","com.ibm.di.config.interfaces.SimulationConfig.METHODS_CON_DELTA should be moved out of an interface and made package protected","http://findbugs.sourceforge.net/bugDescriptions.html#MS_OOI_PKGPROTECT","-625032085","findbugs",
"4","MS_OOI_PKGPROTECT","com/ibm/di/config/interfaces/SimulationConfig.java","84","com.ibm.di.config.interfaces.SimulationConfig.METHODS_CON_ITERATOR should be moved out of an interface and made package protected","http://findbugs.sourceforge.net/bugDescriptions.html#MS_OOI_PKGPROTECT","1639128753","findbugs",
"4","MS_OOI_PKGPROTECT","com/ibm/di/config/interfaces/SimulationConfig.java","87","com.ibm.di.config.interfaces.SimulationConfig.METHODS_CON_REPLY should be moved out of an interface and made package protected","http://findbugs.sourceforge.net/bugDescriptions.html#MS_OOI_PKGPROTECT","-621580865","findbugs",
"4","MS_OOI_PKGPROTECT","com/ibm/di/config/interfaces/SimulationConfig.java","89","com.ibm.di.config.interfaces.SimulationConfig.METHODS_CON_CALL_REPLY should be moved out of an interface and made package protected","http://findbugs.sourceforge.net/bugDescriptions.html#MS_OOI_PKGPROTECT","-1982704138","findbugs",
"4","MS_OOI_PKGPROTECT","com/ibm/di/config/interfaces/SimulationConfig.java","91","com.ibm.di.config.interfaces.SimulationConfig.METHODS_CON_SERVER should be moved out of an interface and made package protected","http://findbugs.sourceforge.net/bugDescriptions.html#MS_OOI_PKGPROTECT","183329788","findbugs",
"4","MS_OOI_PKGPROTECT","com/ibm/di/config/interfaces/SimulationConfig.java","94","com.ibm.di.config.interfaces.SimulationConfig.METHODS_CON_LOOKUP should be moved out of an interface and made package protected","http://findbugs.sourceforge.net/bugDescriptions.html#MS_OOI_PKGPROTECT","-401500210","findbugs",
"4","MS_OOI_PKGPROTECT","com/ibm/di/config/interfaces/SimulationConfig.java","96","com.ibm.di.config.interfaces.SimulationConfig.METHODS_CON_ADDONLY should be moved out of an interface and made package protected","http://findbugs.sourceforge.net/bugDescriptions.html#MS_OOI_PKGPROTECT","1949014071","findbugs",
"4","MS_PKGPROTECT","com/ibm/di/amc/util/StringEncrDecr.java","1","com.ibm.di.amc.util.StringEncrDecr.val_encrypt should be package protected","http://findbugs.sourceforge.net/bugDescriptions.html#MS_PKGPROTECT","1499","findbugs",
"4","MS_PKGPROTECT","com/ibm/di/api/security/Role.java","65","com.ibm.di.api.security.Role.ROLE_NAMES should be package protected","http://findbugs.sourceforge.net/bugDescriptions.html#MS_PKGPROTECT","1609467765","findbugs",
"4","MS_PKGPROTECT","com/ibm/di/config/base/MetamergeConfigImpl.java","91","com.ibm.di.config.base.MetamergeConfigImpl.DEFAULT_FOLDER_NAMES should be package protected","http://findbugs.sourceforge.net/bugDescriptions.html#MS_PKGPROTECT","-312028887","findbugs",
"4","MS_PKGPROTECT","com/ibm/di/connector/PropertiesConnector.java","133","com.ibm.di.connector.PropertiesConnector.SUPPORTED_MODES should be package protected","http://findbugs.sourceforge.net/bugDescriptions.html#MS_PKGPROTECT","-524568741","findbugs",
"4","MS_PKGPROTECT","com/ibm/di/event/ThreadEvent.java","52","com.ibm.di.event.ThreadEvent.TE_MAP should be package protected","http://findbugs.sourceforge.net/bugDescriptions.html#MS_PKGPROTECT","-1083827529","findbugs",
"4","MS_PKGPROTECT","com/ibm/di/eventhandler/ldap/LDAPControl.java","46","com.ibm.di.eventhandler.ldap.LDAPControl.CONTROL_OIDS should be package protected","http://findbugs.sourceforge.net/bugDescriptions.html#MS_PKGPROTECT","-1157910699","findbugs",
"4","MS_PKGPROTECT","com/ibm/di/eventhandler/ldap/LDAPControl.java","48","com.ibm.di.eventhandler.ldap.LDAPControl.CONTROL_NAMES should be package protected","http://findbugs.sourceforge.net/bugDescriptions.html#MS_PKGPROTECT","1068690282","findbugs",
"4","MS_PKGPROTECT","com/ibm/di/fc/webservice/util/WSDL2JavaNoSystemExit.java","53","com.ibm.di.fc.webservice.util.WSDL2JavaNoSystemExit.allOptions should be package protected","http://findbugs.sourceforge.net/bugDescriptions.html#MS_PKGPROTECT","-915337847","findbugs",
"4","MS_PKGPROTECT","com/ibm/di/fc/zOSTSOCommandLine.java","121","com.ibm.di.fc.zOSTSOCommandLine.PARAMS_LEN should be package protected","http://findbugs.sourceforge.net/bugDescriptions.html#MS_PKGPROTECT","1473888757","findbugs",
"4","MS_PKGPROTECT","com/ibm/di/fc/zOSTSOCommandLine.java","151","com.ibm.di.fc.zOSTSOCommandLine.isLibLoaded should be package protected","http://findbugs.sourceforge.net/bugDescriptions.html#MS_PKGPROTECT","1979540270","findbugs",
"4","MS_PKGPROTECT","com/ibm/di/function/UserFunctions.java","137","com.ibm.di.function.UserFunctions.INVALID_XML_CHARS should be package protected","http://findbugs.sourceforge.net/bugDescriptions.html#MS_PKGPROTECT","838930790","findbugs",
"4","MS_PKGPROTECT","com/ibm/di/server/AssemblyLine.java","149","com.ibm.di.server.AssemblyLine.RUNMODES should be package protected","http://findbugs.sourceforge.net/bugDescriptions.html#MS_PKGPROTECT","1277762999","findbugs",
"4","MS_PKGPROTECT","com/ibm/di/server/ServerConstants.java","89","com.ibm.di.server.ServerConstants.DELTA_BEHAVIOR should be package protected","http://findbugs.sourceforge.net/bugDescriptions.html#MS_PKGPROTECT","666598650","findbugs",
"4","MS_PKGPROTECT","com/ibm/tdi/eclipse/providers/LinkCriteriaLabelProvider.java","35","com.ibm.tdi.eclipse.providers.LinkCriteriaLabelProvider.internalOps should be package protected","http://findbugs.sourceforge.net/bugDescriptions.html#MS_PKGPROTECT","2039566577","findbugs",
"4","MS_PKGPROTECT","com/ibm/tdi/eclipse/providers/LinkCriteriaLabelProvider.java","49","com.ibm.tdi.eclipse.providers.LinkCriteriaLabelProvider.externalOps should be package protected","http://findbugs.sourceforge.net/bugDescriptions.html#MS_PKGPROTECT","-456292317","findbugs",
"4","MS_SHOULD_BE_FINAL","com/ibm/di/amc/actionmanager/HealthALManagerThread.java","55","com.ibm.di.amc.actionmanager.HealthALManagerThread.m_Table isn't final but should be","http://findbugs.sourceforge.net/bugDescriptions.html#MS_SHOULD_BE_FINAL","-1414970588","findbugs",
"4","MS_SHOULD_BE_FINAL","com/ibm/di/amc/util/AMCConstants.java","96","com.ibm.di.amc.util.AMCConstants.AMC_HELP_PLUGIN_NAME isn't final but should be","http://findbugs.sourceforge.net/bugDescriptions.html#MS_SHOULD_BE_FINAL","1444587333","findbugs",
"4","MS_SHOULD_BE_FINAL","com/ibm/di/amc/util/AMCUtils.java","68","com.ibm.di.amc.util.AMCUtils.AMC_ERRORCODE_HELP_URL isn't final but should be","http://findbugs.sourceforge.net/bugDescriptions.html#MS_SHOULD_BE_FINAL","-737662744","findbugs",
"4","MS_SHOULD_BE_FINAL","com/ibm/di/eclipse/http/commands/RestCommand.java","41","com.ibm.di.eclipse.http.commands.RestCommand.sRes isn't final but should be","http://findbugs.sourceforge.net/bugDescriptions.html#MS_SHOULD_BE_FINAL","-796332676","findbugs",
"4","MS_SHOULD_BE_FINAL","com/ibm/tdi/eclipse/ConfigUtils.java","82","com.ibm.tdi.eclipse.ConfigUtils.logger isn't final but should be","http://findbugs.sourceforge.net/bugDescriptions.html#MS_SHOULD_BE_FINAL","-1901756953","findbugs",
"4","NM_CLASS_NAMING_CONVENTION","com/ibm/di/fc/zOSTSOCommandLine.java","41","The class name com.ibm.di.fc.zOSTSOCommandLine doesn't start with an upper case letter","http://findbugs.sourceforge.net/bugDescriptions.html#NM_CLASS_NAMING_CONVENTION","-654310004","findbugs",
"4","NM_CLASS_NAMING_CONVENTION","com/ibm/di/function/HTTPFunctions.java","157","The class name com.ibm.di.function.HTTPFunctions$httpRequest doesn't start with an upper case letter","http://findbugs.sourceforge.net/bugDescriptions.html#NM_CLASS_NAMING_CONVENTION","43833036","findbugs",
"4","NM_CLASS_NAMING_CONVENTION","com/ibm/di/function/HTTPFunctions.java","59","The class name com.ibm.di.function.HTTPFunctions$httpDataStream doesn't start with an upper case letter","http://findbugs.sourceforge.net/bugDescriptions.html#NM_CLASS_NAMING_CONVENTION","-224684097","findbugs",
"4","NM_CLASS_NAMING_CONVENTION","com/ibm/di/server/SearchCriteria.java","256","The class name com.ibm.di.server.SearchCriteria$rscSearch doesn't start with an upper case letter","http://findbugs.sourceforge.net/bugDescriptions.html#NM_CLASS_NAMING_CONVENTION","-1092539643","findbugs",
"4","NM_METHOD_NAMING_CONVENTION","com/ibm/di/automation/COMProxy.java","79","The method name com.ibm.di.automation.COMProxy.QueryInterface(Object, String) doesn't start with a lower case letter","http://findbugs.sourceforge.net/bugDescriptions.html#NM_METHOD_NAMING_CONVENTION","-11168319","findbugs",
"4","NM_METHOD_NAMING_CONVENTION","com/ibm/di/automation/IDispatch.java","1","The method name com.ibm.di.automation.IDispatch.QueryInterface(String) doesn't start with a lower case letter","http://findbugs.sourceforge.net/bugDescriptions.html#NM_METHOD_NAMING_CONVENTION","1499","findbugs",
"4","NM_METHOD_NAMING_CONVENTION","com/ibm/di/automation/IUnknown.java","1","The method name com.ibm.di.automation.IUnknown.AddRef() doesn't start with a lower case letter","http://findbugs.sourceforge.net/bugDescriptions.html#NM_METHOD_NAMING_CONVENTION","1499","findbugs",
"4","NM_METHOD_NAMING_CONVENTION","com/ibm/di/automation/IUnknown.java","1","The method name com.ibm.di.automation.IUnknown.QueryInterface(String) doesn't start with a lower case letter","http://findbugs.sourceforge.net/bugDescriptions.html#NM_METHOD_NAMING_CONVENTION","1499","findbugs",
"4","NM_METHOD_NAMING_CONVENTION","com/ibm/di/automation/IUnknown.java","1","The method name com.ibm.di.automation.IUnknown.Release() doesn't start with a lower case letter","http://findbugs.sourceforge.net/bugDescriptions.html#NM_METHOD_NAMING_CONVENTION","1499","findbugs",
"4","NM_METHOD_NAMING_CONVENTION","com/ibm/di/automation/VARIANT.java","1","The method name com.ibm.di.automation.VARIANT.Load(InputStream) doesn't start with a lower case letter","http://findbugs.sourceforge.net/bugDescriptions.html#NM_METHOD_NAMING_CONVENTION","1499","findbugs",
"4","NM_METHOD_NAMING_CONVENTION","com/ibm/di/automation/VARIANT.java","1","The method name com.ibm.di.automation.VARIANT.Save(OutputStream) doesn't start with a lower case letter","http://findbugs.sourceforge.net/bugDescriptions.html#NM_METHOD_NAMING_CONVENTION","1499","findbugs",
"4","SF_SWITCH_FALLTHROUGH","com/ibm/di/connector/JDBCConnector.java","1904","Switch statement found in com.ibm.di.connector.JDBCConnector.getSubClause(SearchCriteria$rscSearch, boolean) where one case falls through to the next case","http://findbugs.sourceforge.net/bugDescriptions.html#SF_SWITCH_FALLTHROUGH","-1295069481","findbugs",
"4","SIC_INNER_SHOULD_BE_STATIC","com/ibm/tdi/eclipse/views/ServerView.java","817","Should com.ibm.tdi.eclipse.views.ServerView$RunningAL be a _static_ inner class?","http://findbugs.sourceforge.net/bugDescriptions.html#SIC_INNER_SHOULD_BE_STATIC","-1673349633","findbugs",
"4","SIC_INNER_SHOULD_BE_STATIC","com/ibm/tdi/eclipse/views/ServerView.java","865","Should com.ibm.tdi.eclipse.views.ServerView$RunningCI be a _static_ inner class?","http://findbugs.sourceforge.net/bugDescriptions.html#SIC_INNER_SHOULD_BE_STATIC","-1673349633","findbugs",
"4","SIC_INNER_SHOULD_BE_STATIC","com/ibm/tdi/eclipse/wizards/pages/ConfigTypePage.java","513","Should com.ibm.tdi.eclipse.wizards.pages.ConfigTypePage$FileConfigLabelProvider be a _static_ inner class?","http://findbugs.sourceforge.net/bugDescriptions.html#SIC_INNER_SHOULD_BE_STATIC","-230371943","findbugs",
"4","ST_WRITE_TO_STATIC_FROM_INSTANCE_METHOD","com/ibm/di/api/remote/impl/rmi/RMISocketFactory.java","64","Write to static field com.ibm.di.api.remote.impl.rmi.RMISocketFactory.mNonSSLHosts from instance method new com.ibm.di.api.remote.impl.rmi.RMISocketFactory(Vector)","http://findbugs.sourceforge.net/bugDescriptions.html#ST_WRITE_TO_STATIC_FROM_INSTANCE_METHOD","-459300307","findbugs",
"4","ST_WRITE_TO_STATIC_FROM_INSTANCE_METHOD","com/ibm/di/server/RS.java","1531","Write to static field com.ibm.di.server.RS.mTerminationExitCode from instance method com.ibm.di.server.RS.shutdownServer(int)","http://findbugs.sourceforge.net/bugDescriptions.html#ST_WRITE_TO_STATIC_FROM_INSTANCE_METHOD","993532816","findbugs",
"4","ST_WRITE_TO_STATIC_FROM_INSTANCE_METHOD","com/ibm/tdi/eclipse/Activator.java","131","Write to static field com.ibm.tdi.eclipse.Activator.plugin from instance method new com.ibm.tdi.eclipse.Activator()","http://findbugs.sourceforge.net/bugDescriptions.html#ST_WRITE_TO_STATIC_FROM_INSTANCE_METHOD","-1740972083","findbugs",
"4","ST_WRITE_TO_STATIC_FROM_INSTANCE_METHOD","com/ibm/tdi/eclipse/Activator.java","287","Write to static field com.ibm.tdi.eclipse.Activator.loader from instance method com.ibm.tdi.eclipse.Activator.loadResources(BundleContext)","http://findbugs.sourceforge.net/bugDescriptions.html#ST_WRITE_TO_STATIC_FROM_INSTANCE_METHOD","-1987640802","findbugs",
"4","ST_WRITE_TO_STATIC_FROM_INSTANCE_METHOD","com/ibm/tdi/eclipse/Activator.java","382","Write to static field com.ibm.tdi.eclipse.Activator.plugin from instance method com.ibm.tdi.eclipse.Activator.stop(BundleContext)","http://findbugs.sourceforge.net/bugDescriptions.html#ST_WRITE_TO_STATIC_FROM_INSTANCE_METHOD","-1746123260","findbugs",
"4","URF_UNREAD_FIELD","com/ibm/di/amc/configadm/AddUserACLBean.java","270","Unread field: com.ibm.di.amc.configadm.AddUserACLBean.m_parentUTM","http://findbugs.sourceforge.net/bugDescriptions.html#URF_UNREAD_FIELD","-638531874","findbugs",
"4","URF_UNREAD_FIELD","com/ibm/di/amc/configadm/ConfigViewReportBean.java","257","Unread field: com.ibm.di.amc.configadm.ConfigViewReportBean.m_tsdAssemblyLinesList","http://findbugs.sourceforge.net/bugDescriptions.html#URF_UNREAD_FIELD","889675965","findbugs",
"4","URF_UNREAD_FIELD","com/ibm/di/amc/configadm/ConfigViewReportBean.java","687","Unread field: com.ibm.di.amc.configadm.ConfigViewReportBean.userRole","http://findbugs.sourceforge.net/bugDescriptions.html#URF_UNREAD_FIELD","2084730820","findbugs",
"4","URF_UNREAD_FIELD","com/ibm/di/amc/configadm/InspectLocalTDIServer.java","50","Unread field: com.ibm.di.amc.configadm.InspectLocalTDIServer.cBeanQuickCreate","http://findbugs.sourceforge.net/bugDescriptions.html#URF_UNREAD_FIELD","333393963","findbugs",
"4","URF_UNREAD_FIELD","com/ibm/di/amc/configadm/ManageConfigViewACLBean.java","131","Unread field: com.ibm.di.amc.configadm.ManageConfigViewACLBean.m_tsdConfigViewACLTable","http://findbugs.sourceforge.net/bugDescriptions.html#URF_UNREAD_FIELD","-38544553","findbugs",
"4","URF_UNREAD_FIELD","com/ibm/di/amc/log/ViewLogFileBean.java","128","Unread field: com.ibm.di.amc.log.ViewLogFileBean.m_tsdLogFile","http://findbugs.sourceforge.net/bugDescriptions.html#URF_UNREAD_FIELD","-1464991386","findbugs",
"4","URF_UNREAD_FIELD","com/ibm/di/amc/opstatus/ALOperationInputParametersBean.java","561","Unread field: com.ibm.di.amc.opstatus.ALOperationInputParametersBean.m_ALName","http://findbugs.sourceforge.net/bugDescriptions.html#URF_UNREAD_FIELD","-1532772683","findbugs",
"4","URF_UNREAD_FIELD","com/ibm/di/amc/opstatus/ALOperationInputParametersBean.java","579","Unread field: com.ibm.di.amc.opstatus.ALOperationInputParametersBean.m_configInstance","http://findbugs.sourceforge.net/bugDescriptions.html#URF_UNREAD_FIELD","-1235050356","findbugs",
"4","URF_UNREAD_FIELD","com/ibm/di/amc/opstatus/ConfigViewDetailsBean.java","238","Unread field: com.ibm.di.amc.opstatus.ConfigViewDetailsBean.m_tsdALTable","http://findbugs.sourceforge.net/bugDescriptions.html#URF_UNREAD_FIELD","1261496457","findbugs",
"4","URF_UNREAD_FIELD","com/ibm/di/amc/opstatus/LogFileViewContentsBean.java","108","Unread field: com.ibm.di.amc.opstatus.LogFileViewContentsBean.m_tsdLogFileListing","http://findbugs.sourceforge.net/bugDescriptions.html#URF_UNREAD_FIELD","-311505072","findbugs",
"4","URF_UNREAD_FIELD","com/ibm/di/amc/opstatus/ServerInfoBean.java","88","Unread field: com.ibm.di.amc.opstatus.ServerInfoBean.m_UserName","http://findbugs.sourceforge.net/bugDescriptions.html#URF_UNREAD_FIELD","352211516","findbugs",
"4","URF_UNREAD_FIELD","com/ibm/di/amc/opstatus/ViewCurrentConfigurationBean.java","118","Unread field: com.ibm.di.amc.opstatus.ViewCurrentConfigurationBean.m_tsdRuleTable","http://findbugs.sourceforge.net/bugDescriptions.html#URF_UNREAD_FIELD","-367382920","findbugs",
"4","URF_UNREAD_FIELD","com/ibm/di/amc/propstore/ManageGlobalPropBean.java","122","Unread field: com.ibm.di.amc.propstore.ManageGlobalPropBean.m_tsdPropertyListTable","http://findbugs.sourceforge.net/bugDescriptions.html#URF_UNREAD_FIELD","2023885121","findbugs",
"4","URF_UNREAD_FIELD","com/ibm/di/amc/propstore/ManageGlobalPropBean.java","76","Unread field: com.ibm.di.amc.propstore.ManageGlobalPropBean.userRole","http://findbugs.sourceforge.net/bugDescriptions.html#URF_UNREAD_FIELD","-174264284","findbugs",
"4","URF_UNREAD_FIELD","com/ibm/di/amc/propstore/ManageJavaPropBean.java","122","Unread field: com.ibm.di.amc.propstore.ManageJavaPropBean.m_tsdPropertyList","http://findbugs.sourceforge.net/bugDescriptions.html#URF_UNREAD_FIELD","-1636291041","findbugs",
"4","URF_UNREAD_FIELD","com/ibm/di/amc/propstore/ManagePasswordPropBean.java","122","Unread field: com.ibm.di.amc.propstore.ManagePasswordPropBean.m_tsdPropertyList","http://findbugs.sourceforge.net/bugDescriptions.html#URF_UNREAD_FIELD","-1636291041","findbugs",
"4","URF_UNREAD_FIELD","com/ibm/di/amc/propstore/ManageSolutionPropBean.java","121","Unread field: com.ibm.di.amc.propstore.ManageSolutionPropBean.m_tsdPropertyList","http://findbugs.sourceforge.net/bugDescriptions.html#URF_UNREAD_FIELD","-1636291041","findbugs",
"4","URF_UNREAD_FIELD","com/ibm/di/amc/propstore/ManageSystemPropBean.java","130","Unread field: com.ibm.di.amc.propstore.ManageSystemPropBean.m_tsdPropertyList","http://findbugs.sourceforge.net/bugDescriptions.html#URF_UNREAD_FIELD","-1636291041","findbugs",
"4","URF_UNREAD_FIELD","com/ibm/di/amc/usrgrp/GroupManagementAddMembersBean.java","135","Unread field: com.ibm.di.amc.usrgrp.GroupManagementAddMembersBean.m_tsdNonMembersTable","http://findbugs.sourceforge.net/bugDescriptions.html#URF_UNREAD_FIELD","-97172440","findbugs",
"4","URF_UNREAD_FIELD","com/ibm/di/amc/usrgrp/GroupManagementBean.java","135","Unread field: com.ibm.di.amc.usrgrp.GroupManagementBean.m_tsdGroupTable","http://findbugs.sourceforge.net/bugDescriptions.html#URF_UNREAD_FIELD","1345861979","findbugs",
"4","URF_UNREAD_FIELD","com/ibm/di/amc/usrgrp/GroupManagementBean.java","314","Unread field: com.ibm.di.amc.usrgrp.GroupManagementBean.m_authType","http://findbugs.sourceforge.net/bugDescriptions.html#URF_UNREAD_FIELD","-1849283341","findbugs",
"4","URF_UNREAD_FIELD","com/ibm/di/amc/usrgrp/GroupManagementEditGroupBean.java","181","Unread field: com.ibm.di.amc.usrgrp.GroupManagementEditGroupBean.m_tsdMembersTable","http://findbugs.sourceforge.net/bugDescriptions.html#URF_UNREAD_FIELD","-1600109247","findbugs",
"4","URF_UNREAD_FIELD","com/ibm/di/amc/usrgrp/GroupManagementEditGroupBean.java","437","Unread field: com.ibm.di.amc.usrgrp.GroupManagementEditGroupBean.m_authType","http://findbugs.sourceforge.net/bugDescriptions.html#URF_UNREAD_FIELD","-1849283341","findbugs",
"4","URF_UNREAD_FIELD","com/ibm/di/amc/usrgrp/UserManagementBean.java","135","Unread field: com.ibm.di.amc.usrgrp.UserManagementBean.m_tsdm_userList","http://findbugs.sourceforge.net/bugDescriptions.html#URF_UNREAD_FIELD","1201134919","findbugs",
"4","URF_UNREAD_FIELD","com/ibm/di/amc/usrgrp/UserManagementBean.java","369","Unread field: com.ibm.di.amc.usrgrp.UserManagementBean.m_authType","http://findbugs.sourceforge.net/bugDescriptions.html#URF_UNREAD_FIELD","-1849283341","findbugs",
"4","URF_UNREAD_FIELD","com/ibm/di/amc/util/DBConnectionFactory.java","80","Unread field: com.ibm.di.amc.util.DBConnectionFactory.dbAuthenticationProvider","http://findbugs.sourceforge.net/bugDescriptions.html#URF_UNREAD_FIELD","-864215574","findbugs",
"4","URF_UNREAD_FIELD","com/ibm/di/amc/util/DBConnectionFactory.java","82","Unread field: com.ibm.di.amc.util.DBConnectionFactory.dbAccessMode","http://findbugs.sourceforge.net/bugDescriptions.html#URF_UNREAD_FIELD","-1329810296","findbugs",
"4","UWF_NULL_FIELD","com/ibm/tdi/eclipse/widget/LoopConfigWidget.java","1","Field only ever set to null: com.ibm.tdi.eclipse.widget.LoopConfigWidget.loopInitOptions","http://findbugs.sourceforge.net/bugDescriptions.html#UWF_NULL_FIELD","1499","findbugs",
"4","UWF_UNWRITTEN_FIELD","com/ibm/di/amc/configadm/CreateConfigViewBean.java","1145","Unwritten field: com.ibm.di.amc.configadm.CreateConfigViewBean.m_vdhealthALIntervalUnits","http://findbugs.sourceforge.net/bugDescriptions.html#UWF_UNWRITTEN_FIELD","134235112","findbugs",
"4","UWF_UNWRITTEN_FIELD","com/ibm/tdi/eclipse/widget/SimpleTextEditor.java","957","Unwritten field: com.ibm.tdi.eclipse.widget.SimpleTextEditor.title","http://findbugs.sourceforge.net/bugDescriptions.html#UWF_UNWRITTEN_FIELD","624451110","findbugs",
"2","NP_NULL_INSTANCEOF","com/ibm/tdi/easyetl/ColumnDataFlow.java","1311","A known null value is checked to see if it is an instance of com.ibm.jscript.IValue in com.ibm.tdi.easyetl.ColumnDataFlow.testScript(String, SimpleTextEditor)","http://findbugs.sourceforge.net/bugDescriptions.html#NP_NULL_INSTANCEOF","-1919181753","findbugs",
"2","NP_LOAD_OF_KNOWN_NULL_VALUE","com/ibm/di/jaxrs/jackson/internal/BeanShortNameIdResolver.java","165","Load of known null value in com.ibm.di.jaxrs.jackson.internal.BeanShortNameIdResolver.typeFromId(String)","http://findbugs.sourceforge.net/bugDescriptions.html#NP_LOAD_OF_KNOWN_NULL_VALUE","278798451","findbugs",
"3","NM_CLASS_NOT_EXCEPTION","com/ibm/di/api/bind/Exception.java","51","Class com.ibm.di.api.bind.Exception is not derived from an Exception, even though it is named as such","http://findbugs.sourceforge.net/bugDescriptions.html#NM_CLASS_NOT_EXCEPTION","94995418","findbugs",
"3","EI_EXPOSE_REP2","com/ibm/di/jaxrs/jackson/internal/BeanShortNameIdResolver.java","85","new com.ibm.di.jaxrs.jackson.internal.BeanShortNameIdResolver(Class[], Class[]) may expose internal representation by storing an externally mutable object into BeanShortNameIdResolver.baseClasses","http://findbugs.sourceforge.net/bugDescriptions.html#EI_EXPOSE_REP2","931496580","findbugs",
"3","EI_EXPOSE_REP2","com/ibm/di/jaxrs/jackson/internal/BeanShortNameIdResolver.java","86","new com.ibm.di.jaxrs.jackson.internal.BeanShortNameIdResolver(Class[], Class[]) may expose internal representation by storing an externally mutable object into BeanShortNameIdResolver.objectFactories","http://findbugs.sourceforge.net/bugDescriptions.html#EI_EXPOSE_REP2","628846684","findbugs",
"3","EI_EXPOSE_REP","com/ibm/di/connector/maximo/exception/MxConnectorException.java","70","com.ibm.di.connector.maximo.exception.MxConnectorException.getMsgArgs() may expose internal representation by returning MxConnectorException.msgArgs","http://findbugs.sourceforge.net/bugDescriptions.html#EI_EXPOSE_REP","932361453","findbugs",
"3","EI_EXPOSE_REP","com/ibm/di/loader/TDIJarsLocator.java","202","com.ibm.di.loader.TDIJarsLocator.getThirdPartyJars() may expose internal representation by returning TDIJarsLocator.thirdPartyJars","http://findbugs.sourceforge.net/bugDescriptions.html#EI_EXPOSE_REP","-1372321772","findbugs",
"3","EI_EXPOSE_REP","com/ibm/di/loader/TDIJarsLocator.java","211","com.ibm.di.loader.TDIJarsLocator.getComponentsJars() may expose internal representation by returning TDIJarsLocator.componentsJars","http://findbugs.sourceforge.net/bugDescriptions.html#EI_EXPOSE_REP","1008349469","findbugs",
"3","EI_EXPOSE_REP","com/ibm/di/loader/TDIJarsLocator.java","220","com.ibm.di.loader.TDIJarsLocator.getPatchesJars() may expose internal representation by returning TDIJarsLocator.patchesJars","http://findbugs.sourceforge.net/bugDescriptions.html#EI_EXPOSE_REP","1415531805","findbugs",
"3","EI_EXPOSE_REP","com/ibm/di/loader/TDIJarsLocator.java","229","com.ibm.di.loader.TDIJarsLocator.getCustomJars() may expose internal representation by returning TDIJarsLocator.customJars","http://findbugs.sourceforge.net/bugDescriptions.html#EI_EXPOSE_REP","1065169314","findbugs",
"3","SQL_PREPARED_STATEMENT_GENERATED_FROM_NONCONSTANT_STRING","com/ibm/di/store/DeltaStore.java","165","A prepared statement is generated from a nonconstant String at new com.ibm.di.store.DeltaStore(String, boolean)","http://findbugs.sourceforge.net/bugDescriptions.html#SQL_PREPARED_STATEMENT_GENERATED_FROM_NONCONSTANT_STRING","247178198","findbugs",
"3","NM_SAME_SIMPLE_NAME_AS_SUPERCLASS","com/ibm/di/api/remote/impl/BindAddressPolicyImpl.java","69","The class name com.ibm.di.api.remote.impl.BindAddressPolicyImpl shadows the simple name of the superclass com.ibm.di.server.BindAddressPolicyImpl","http://findbugs.sourceforge.net/bugDescriptions.html#NM_SAME_SIMPLE_NAME_AS_SUPERCLASS","332870631","findbugs",
"3","NM_SAME_SIMPLE_NAME_AS_SUPERCLASS","com/ibm/di/plugin/pwstore/jms/driver/ActiveMQ.java","24","The class name com.ibm.di.plugin.pwstore.jms.driver.ActiveMQ shadows the simple name of the superclass com.ibm.di.systemqueue.driver.ActiveMQ","http://findbugs.sourceforge.net/bugDescriptions.html#NM_SAME_SIMPLE_NAME_AS_SUPERCLASS","1509937211","findbugs",
"3","OBL_UNSATISFIED_OBLIGATION","com/ibm/di/connector/FileConnector.java","292","Method com.ibm.di.connector.FileConnector.openReadFile() may fail to clean up stream or resource of type java.io.InputStream","http://findbugs.sourceforge.net/bugDescriptions.html#OBL_UNSATISFIED_OBLIGATION","853053707","findbugs",
"3","OBL_UNSATISFIED_OBLIGATION","com/ibm/di/connector/FileConnector.java","343","Method com.ibm.di.connector.FileConnector.openWriteFile() may fail to clean up stream or resource of type java.io.OutputStream","http://findbugs.sourceforge.net/bugDescriptions.html#OBL_UNSATISFIED_OBLIGATION","1919973964","findbugs",
"3","OBL_UNSATISFIED_OBLIGATION","com/ibm/di/connector/PESConnector.java","716","Method com.ibm.di.connector.PESConnector.findEntryWithFlag(SearchCriteria, boolean) may fail to clean up stream or resource of type java.sql.Statement","http://findbugs.sourceforge.net/bugDescriptions.html#OBL_UNSATISFIED_OBLIGATION","339589244","findbugs",
"3","OBL_UNSATISFIED_OBLIGATION","com/ibm/di/connector/WSReceiverServerConnector/WSReceiverServerConnector.java","878","Method com.ibm.di.connector.WSReceiverServerConnector.WSReceiverServerConnector.readFile(String) may fail to clean up stream or resource of type java.io.InputStream","http://findbugs.sourceforge.net/bugDescriptions.html#OBL_UNSATISFIED_OBLIGATION","-1390799508","findbugs",
"3","OBL_UNSATISFIED_OBLIGATION","com/ibm/di/connector/ccmdb/provider/ActciProvider.java","143","Method com.ibm.di.connector.ccmdb.provider.ActciProvider.select(SQLQuery, ActualCIDefinition) may fail to clean up stream or resource of type java.sql.Statement","http://findbugs.sourceforge.net/bugDescriptions.html#OBL_UNSATISFIED_OBLIGATION","-230541525","findbugs",
"3","OBL_UNSATISFIED_OBLIGATION","com/ibm/di/connector/ccmdb/provider/ActciProvider.java","321","Method com.ibm.di.connector.ccmdb.provider.ActciProvider.selectAll() may fail to clean up stream or resource of type java.sql.Statement","http://findbugs.sourceforge.net/bugDescriptions.html#OBL_UNSATISFIED_OBLIGATION","-230541525","findbugs",
"3","OBL_UNSATISFIED_OBLIGATION","com/ibm/di/connector/ccmdb/provider/ActciProvider.java","358","Method com.ibm.di.connector.ccmdb.provider.ActciProvider.findActualCIByGUID(String) may fail to clean up stream or resource of type java.sql.Statement","http://findbugs.sourceforge.net/bugDescriptions.html#OBL_UNSATISFIED_OBLIGATION","-230541525","findbugs",
"3","OBL_UNSATISFIED_OBLIGATION","com/ibm/di/connector/ccmdb/provider/ActciProvider.java","485","Method com.ibm.di.connector.ccmdb.provider.ActciProvider.loadAttributes(ActualCI) may fail to clean up stream or resource of type java.sql.Statement","http://findbugs.sourceforge.net/bugDescriptions.html#OBL_UNSATISFIED_OBLIGATION","-230541525","findbugs",
"3","OBL_UNSATISFIED_OBLIGATION","com/ibm/di/connector/ccmdb/provider/ActciProvider.java","519","Method com.ibm.di.connector.ccmdb.provider.ActciProvider.exist(String) may fail to clean up stream or resource of type java.sql.Statement","http://findbugs.sourceforge.net/bugDescriptions.html#OBL_UNSATISFIED_OBLIGATION","-230541525","findbugs",
"3","OBL_UNSATISFIED_OBLIGATION","com/ibm/di/connector/ccmdb/provider/ActciProvider.java","830","Method com.ibm.di.connector.ccmdb.provider.ActciProvider.getRelationList(String, String) may fail to clean up stream or resource of type java.sql.Statement","http://findbugs.sourceforge.net/bugDescriptions.html#OBL_UNSATISFIED_OBLIGATION","-230541525","findbugs",
"3","OBL_UNSATISFIED_OBLIGATION","com/ibm/di/connector/ccmdb/provider/ActciProvider.java","864","Method com.ibm.di.connector.ccmdb.provider.ActciProvider.loadDeletedActualCI(ActualCI) may fail to clean up stream or resource of type java.sql.Statement","http://findbugs.sourceforge.net/bugDescriptions.html#OBL_UNSATISFIED_OBLIGATION","-230541525","findbugs",
"3","OBL_UNSATISFIED_OBLIGATION","com/ibm/di/connector/ccmdb/provider/ActciProvider.java","897","Method com.ibm.di.connector.ccmdb.provider.ActciProvider.loadOMPRelation(ActualCI) may fail to clean up stream or resource of type java.sql.Statement","http://findbugs.sourceforge.net/bugDescriptions.html#OBL_UNSATISFIED_OBLIGATION","-230541525","findbugs",
"3","OBL_UNSATISFIED_OBLIGATION","com/ibm/di/connector/ccmdb/provider/ActciProvider.java","90","Method com.ibm.di.connector.ccmdb.provider.ActciProvider.select(ActualCIDefinition) may fail to clean up stream or resource of type java.sql.Statement","http://findbugs.sourceforge.net/bugDescriptions.html#OBL_UNSATISFIED_OBLIGATION","-230541525","findbugs",
"3","OBL_UNSATISFIED_OBLIGATION","com/ibm/di/connector/ccmdb/provider/ActciRelationProvider.java","124","Method com.ibm.di.connector.ccmdb.provider.ActciRelationProvider.select(SQLQuery, CIRelationDefinition) may fail to clean up stream or resource of type java.sql.Statement","http://findbugs.sourceforge.net/bugDescriptions.html#OBL_UNSATISFIED_OBLIGATION","-230541525","findbugs",
"3","OBL_UNSATISFIED_OBLIGATION","com/ibm/di/connector/ccmdb/provider/ActciRelationProvider.java","273","Method com.ibm.di.connector.ccmdb.provider.ActciRelationProvider.selectAll() may fail to clean up stream or resource of type java.sql.Statement","http://findbugs.sourceforge.net/bugDescriptions.html#OBL_UNSATISFIED_OBLIGATION","-230541525","findbugs",
"3","OBL_UNSATISFIED_OBLIGATION","com/ibm/di/connector/ccmdb/provider/ActciRelationProvider.java","380","Method com.ibm.di.connector.ccmdb.provider.ActciRelationProvider.exist(String, String, String) may fail to clean up stream or resource of type java.sql.Statement","http://findbugs.sourceforge.net/bugDescriptions.html#OBL_UNSATISFIED_OBLIGATION","-230541525","findbugs",
"3","OBL_UNSATISFIED_OBLIGATION","com/ibm/di/connector/ccmdb/provider/ActciRelationProvider.java","83","Method com.ibm.di.connector.ccmdb.provider.ActciRelationProvider.select(CIRelationDefinition) may fail to clean up stream or resource of type java.sql.Statement","http://findbugs.sourceforge.net/bugDescriptions.html#OBL_UNSATISFIED_OBLIGATION","-230541525","findbugs",
"3","OBL_UNSATISFIED_OBLIGATION","com/ibm/di/connector/ccmdb/provider/CCMDBActualCIProvider.java","404","Method com.ibm.di.connector.ccmdb.provider.CCMDBActualCIProvider.getInteger(String) may fail to clean up stream or resource of type java.sql.Statement","http://findbugs.sourceforge.net/bugDescriptions.html#OBL_UNSATISFIED_OBLIGATION","-230541525","findbugs",
"3","OBL_UNSATISFIED_OBLIGATION","com/ibm/di/connector/ccmdb/provider/ClassificationProvider.java","208","Method com.ibm.di.connector.ccmdb.provider.ClassificationProvider.getCIRelationClassifications() may fail to clean up stream or resource of type java.sql.Statement","http://findbugs.sourceforge.net/bugDescriptions.html#OBL_UNSATISFIED_OBLIGATION","-230541525","findbugs",
"3","OBL_UNSATISFIED_OBLIGATION","com/ibm/di/connector/ccmdb/provider/ClassificationProvider.java","245","Method com.ibm.di.connector.ccmdb.provider.ClassificationProvider.getActualCIClassificationList() may fail to clean up stream or resource of type java.sql.Statement","http://findbugs.sourceforge.net/bugDescriptions.html#OBL_UNSATISFIED_OBLIGATION","-230541525","findbugs",
"3","OBL_UNSATISFIED_OBLIGATION","com/ibm/di/connector/ccmdb/provider/ClassificationProvider.java","305","Method com.ibm.di.connector.ccmdb.provider.ClassificationProvider.getClassificationsByParent(String) may fail to clean up stream or resource of type java.sql.Statement","http://findbugs.sourceforge.net/bugDescriptions.html#OBL_UNSATISFIED_OBLIGATION","-230541525","findbugs",
"3","OBL_UNSATISFIED_OBLIGATION","com/ibm/di/connector/ccmdb/provider/DefinitionProvider.java","258","Method com.ibm.di.connector.ccmdb.provider.DefinitionProvider.loadRelationRules(CIRelationDefinition) may fail to clean up stream or resource of type java.sql.Statement","http://findbugs.sourceforge.net/bugDescriptions.html#OBL_UNSATISFIED_OBLIGATION","-230541525","findbugs",
"3","OBL_UNSATISFIED_OBLIGATION","com/ibm/di/connector/dpa/provider/DeployedAssetsProvider.java","325","Method com.ibm.di.connector.dpa.provider.DeployedAssetsProvider.getObject(String, Object) may fail to clean up stream or resource of type java.sql.Statement","http://findbugs.sourceforge.net/bugDescriptions.html#OBL_UNSATISFIED_OBLIGATION","-230541525","findbugs",
"3","OBL_UNSATISFIED_OBLIGATION","com/ibm/di/connector/dpa/provider/SelectClassInstancesCommand.java","140","Method com.ibm.di.connector.dpa.provider.SelectClassInstancesCommand.findAll() may fail to clean up stream or resource of type java.sql.Statement","http://findbugs.sourceforge.net/bugDescriptions.html#OBL_UNSATISFIED_OBLIGATION","-230541525","findbugs",
"3","OBL_UNSATISFIED_OBLIGATION","com/ibm/di/connector/dpa/provider/SelectClassInstancesCommand.java","178","Method com.ibm.di.connector.dpa.provider.SelectClassInstancesCommand.findByClass(String) may fail to clean up stream or resource of type java.sql.Statement","http://findbugs.sourceforge.net/bugDescriptions.html#OBL_UNSATISFIED_OBLIGATION","-230541525","findbugs",
"3","OBL_UNSATISFIED_OBLIGATION","com/ibm/di/fc/ParserFC.java","205","Method com.ibm.di.fc.ParserFC.readEntry(Object) may fail to clean up stream or resource of type java.io.InputStream","http://findbugs.sourceforge.net/bugDescriptions.html#OBL_UNSATISFIED_OBLIGATION","-1860061156","findbugs",
"3","OBL_UNSATISFIED_OBLIGATION","com/ibm/di/report/ReportFactory.java","103","Method com.ibm.di.report.ReportFactory.createReport(String) may fail to clean up stream or resource of type java.io.InputStream","http://findbugs.sourceforge.net/bugDescriptions.html#OBL_UNSATISFIED_OBLIGATION","-1185247920","findbugs",
"3","OBL_UNSATISFIED_OBLIGATION","com/ibm/di/server/FileConfig.java","1239","Method com.ibm.di.server.FileConfig.saveConfig() may fail to clean up stream or resource of type java.io.OutputStream","http://findbugs.sourceforge.net/bugDescriptions.html#OBL_UNSATISFIED_OBLIGATION","-1461817978","findbugs",
"3","OBL_UNSATISFIED_OBLIGATION","com/ibm/di/store/DeltaSysTable.java","139","Method com.ibm.di.store.DeltaSysTable.getNextDeltaSequence(String, boolean) may fail to clean up stream or resource of type java.sql.ResultSet","http://findbugs.sourceforge.net/bugDescriptions.html#OBL_UNSATISFIED_OBLIGATION","2037504847","findbugs",
"4","MS_PKGPROTECT","com/ibm/di/config/base/MetamergeConfigImpl.java","91","com.ibm.di.config.base.MetamergeConfigImpl.DEFAULT_FOLDER_NAMES should be package protected","http://findbugs.sourceforge.net/bugDescriptions.html#MS_PKGPROTECT","-1097325950","findbugs",
"4","MS_PKGPROTECT","com/ibm/di/server/AssemblyLine.java","152","com.ibm.di.server.AssemblyLine.RUNMODES should be package protected","http://findbugs.sourceforge.net/bugDescriptions.html#MS_PKGPROTECT","294708977","findbugs",
"4","MS_SHOULD_BE_FINAL","com/ibm/di/util/DOMUtils.java","60","com.ibm.di.util.DOMUtils.doc isn't final but should be","http://findbugs.sourceforge.net/bugDescriptions.html#MS_SHOULD_BE_FINAL","251594203","findbugs",
"4","DM_EXIT","com/ibm/di/server/RS.java","2516","com.ibm.di.server.RS.runMaster() invokes System.exit(...), which shuts down the entire virtual machine","http://findbugs.sourceforge.net/bugDescriptions.html#DM_EXIT","-1317724501","findbugs",""
"2","J2EE_STORE_OF_NON_SERIALIZABLE_OBJECT_INTO_SESSION","com/ibm/di/ui/easyetl/internal/handler/debugger/DebugALHandler.java","54","Store of non serializable com.ibm.di.ui.easyetl.internal.handler.debugger.ALDebugger into HttpSession in com.ibm.di.ui.easyetl.internal.handler.debugger.DebugALHandler.startAssemblyLine(HttpServletRequest, String, String)","http://findbugs.sourceforge.net/bugDescriptions.html#J2EE_STORE_OF_NON_SERIALIZABLE_OBJECT_INTO_SESSION","1915204124","findbugs",""
"2","J2EE_STORE_OF_NON_SERIALIZABLE_OBJECT_INTO_SESSION","com/ibm/di/web/common/internal/auth/LocalApiAuthHttpContext.java","340","Store of non serializable com.ibm.di.api.connection.IServerAPIConnection into HttpSession in com.ibm.di.web.common.internal.auth.LocalApiAuthHttpContext.authenticate(HttpSession, String, String)","http://findbugs.sourceforge.net/bugDescriptions.html#J2EE_STORE_OF_NON_SERIALIZABLE_OBJECT_INTO_SESSION","-1241778519","findbugs",""
"3","REC_CATCH_EXCEPTION","com/ibm/di/server/RS.java","3872","Exception is caught when Exception is not thrown in com.ibm.di.server.RS.checkProperties(BaseConfiguration)","http://findbugs.sourceforge.net/bugDescriptions.html#REC_CATCH_EXCEPTION","1889683910","findbugs",""
"3","SQL_NONCONSTANT_STRING_PASSED_TO_EXECUTE","com/ibm/di/connector/JDBCConnector.java","3740","Method com.ibm.di.connector.JDBCConnector.createDefaultTable() passes a nonconstant String to an execute method on an SQL statement","http://findbugs.sourceforge.net/bugDescriptions.html#SQL_NONCONSTANT_STRING_PASSED_TO_EXECUTE","-1940572352","findbugs",""
"2","IS2_INCONSISTENT_SYNC","com/ibm/di/plugin/pwstore/ldap/IDIPasswordStore.java","125","Inconsistent synchronization of com.ibm.di.plugin.pwstore.ldap.IDIPasswordStore.suffix; locked 66% of time","http://findbugs.sourceforge.net/bugDescriptions.html#IS2_INCONSISTENT_SYNC","1301930363","findbugs",""
"2","IS2_INCONSISTENT_SYNC","com/ibm/di/plugin/pwstore/ldap/IDIPasswordStore.java","132","Inconsistent synchronization of com.ibm.di.plugin.pwstore.ldap.IDIPasswordStore.diPasswordAttribute; locked 77% of time","http://findbugs.sourceforge.net/bugDescriptions.html#IS2_INCONSISTENT_SYNC","33765979","findbugs",""
"2","IS2_INCONSISTENT_SYNC","com/ibm/di/plugin/pwstore/ldap/IDIPasswordStore.java","138","Inconsistent synchronization of com.ibm.di.plugin.pwstore.ldap.IDIPasswordStore.diTimestampAttribute; locked 66% of time","http://findbugs.sourceforge.net/bugDescriptions.html#IS2_INCONSISTENT_SYNC","-1689742386","findbugs",""
"3","EI_EXPOSE_REP2","com/ibm/di/connector/disb/model/BaseOperation.java","68","com.ibm.di.connector.disb.model.BaseOperation.setConfigurationItems(ConfigurationItem[]) may expose internal representation by storing an externally mutable object into BaseOperation.configurationItems","http://findbugs.sourceforge.net/bugDescriptions.html#EI_EXPOSE_REP2","-1925015864","findbugs",""
"3","EI_EXPOSE_REP2","com/ibm/di/connector/disb/model/BaseOperation.java","94","com.ibm.di.connector.disb.model.BaseOperation.setRelationships(Relationship[]) may expose internal representation by storing an externally mutable object into BaseOperation.relationships","http://findbugs.sourceforge.net/bugDescriptions.html#EI_EXPOSE_REP2","1759969848","findbugs",""
"3","EI_EXPOSE_REP","com/ibm/di/connector/disb/model/BaseOperation.java","60","com.ibm.di.connector.disb.model.BaseOperation.getConfigurationItems() may expose internal representation by returning BaseOperation.configurationItems","http://findbugs.sourceforge.net/bugDescriptions.html#EI_EXPOSE_REP","82047521","findbugs",""
"3","EI_EXPOSE_REP","com/ibm/di/connector/disb/model/BaseOperation.java","79","com.ibm.di.connector.disb.model.BaseOperation.getConfigurationItemIds() may expose internal representation by returning BaseOperation.configurationItemIds","http://findbugs.sourceforge.net/bugDescriptions.html#EI_EXPOSE_REP","1537048156","findbugs",""
"3","EI_EXPOSE_REP","com/ibm/di/connector/disb/model/BaseOperation.java","86","com.ibm.di.connector.disb.model.BaseOperation.getRelationships() may expose internal representation by returning BaseOperation.relationships","http://findbugs.sourceforge.net/bugDescriptions.html#EI_EXPOSE_REP","-2085168304","findbugs",""
"3","SQL_NONCONSTANT_STRING_PASSED_TO_EXECUTE","com/ibm/di/connector/JDBCConnector.java","3775","Method com.ibm.di.connector.JDBCConnector.createDefaultTable() passes a nonconstant String to an execute method on an SQL statement","http://findbugs.sourceforge.net/bugDescriptions.html#SQL_NONCONSTANT_STRING_PASSED_TO_EXECUTE","-868942262","findbugs",""
"3","WMI_WRONG_MAP_ITERATOR","com/ibm/di/ui/curi/CuriHandler.java","176","Method com.ibm.di.ui.curi.CuriHandler.getTDIProviderStatus(HttpServletRequest) makes inefficient use of keySet iterator instead of entrySet iterator","http://findbugs.sourceforge.net/bugDescriptions.html#WMI_WRONG_MAP_ITERATOR","762010830","findbugs",""
"4","BC_VACUOUS_INSTANCEOF","com/ibm/tdi/eclipse/editors/ConfigInstanceEditor.java","138","instanceof will always return true in com.ibm.tdi.eclipse.editors.ConfigInstanceEditor$2.close(CTabFolderEvent), since all org.eclipse.swt.custom.CTabItem are instances of org.eclipse.swt.custom.CTabItem","http://findbugs.sourceforge.net/bugDescriptions.html#BC_VACUOUS_INSTANCEOF","1503367259","findbugs",""
"4","MS_MUTABLE_ARRAY","com/ibm/tdi/eclipse/editors/ConfigSettingsEditor.java","130","com.ibm.tdi.eclipse.editors.ConfigSettingsEditor.PROPERTY_KEYS is a mutable array","http://findbugs.sourceforge.net/bugDescriptions.html#MS_MUTABLE_ARRAY","-2059792017","findbugs",""
"4","MS_PKGPROTECT","com/ibm/di/connector/HTTPServerConnector.java","186","com.ibm.di.connector.HTTPServerConnector.CONNECTOR_MODES should be package protected","http://findbugs.sourceforge.net/bugDescriptions.html#MS_PKGPROTECT","1032732366","findbugs",""
"4","MS_PKGPROTECT","com/ibm/di/connector/JDBCConnector.java","84","com.ibm.di.connector.JDBCConnector.CONNECTOR_MODES should be package protected","http://findbugs.sourceforge.net/bugDescriptions.html#MS_PKGPROTECT","-333790170","findbugs",""
